filename,actual,top1,top1_conf,top2,top2_conf,top3,top3_conf,correct
BIN LIFTING/Screenshot_2026-05-31_134611__png.jpg,BIN LIFTING,BIN LIFTING,0.99827838,SECONDARY VEHICLES,0.00171732,BIN WASHING,0.00000153,True
BIN LIFTING/Screenshot_2026-05-31_134828__png.jpg,BIN LIFTING,BIN LIFTING,0.99835616,PRIMARY COLLECTION,0.00097670,SECONDARY VEHICLES,0.00052837,True
BIN LIFTING/Screenshot_2026-05-31_135549__png.jpg,BIN LIFTING,BIN LIFTING,0.99844366,SECONDARY VEHICLES,0.00102746,BIN WASHING,0.00044304,True
BIN LIFTING/Screenshot_2026-05-31_141745__png.jpg,BIN LIFTING,BIN LIFTING,0.97757417,BIN WASHING,0.02175922,SECONDARY VEHICLES,0.00037547,True
BIN LIFTING/WhatsApp_Image_2026-04-22_at_1_29_06_PM__jpeg.jpg,BIN LIFTING,BIN LIFTING,0.66501886,SECONDARY VEHICLES,0.29296342,MECHANIZED BEACH CLEANING,0.02194965,True
BIN LIFTING/WhatsApp_Image_2026-04-24_at_8_07_50_AM__jpeg.jpg,BIN LIFTING,BIN LIFTING,0.99906987,SECONDARY VEHICLES,0.00081329,BIN WASHING,0.00010299,True
BIN LIFTING/WhatsApp_Image_2026-04-25_at_7_46_08_AM__jpeg.jpg,BIN LIFTING,BIN LIFTING,0.99995887,SECONDARY VEHICLES,0.00002912,PRIMARY COLLECTION,0.00000702,True
BIN LIFTING/WhatsApp_Image_2026-04-25_at_8_10_38_AM__jpeg.jpg,BIN LIFTING,BIN LIFTING,0.96024477,SECONDARY VEHICLES,0.03892651,MECHANIZED BEACH CLEANING,0.00022689,True
BIN LIFTING/WhatsApp_Image_2026-04-26_at_7_28_43_AM__jpeg.jpg,BIN LIFTING,BIN LIFTING,0.99949884,SECONDARY VEHICLES,0.00044380,BIN WASHING,0.00004750,True
BIN LIFTING/WhatsApp_Image_2026-05-05_at_12_38_39_AM__jpeg.jpg,BIN LIFTING,BIN LIFTING,0.99995780,SECONDARY VEHICLES,0.00003202,PRIMARY COLLECTION,0.00000664,True
BIN LIFTING/WhatsApp_Image_2026-05-08_at_1_57_20_AM__jpeg.jpg,BIN LIFTING,BIN LIFTING,0.99361479,SECONDARY VEHICLES,0.00604723,MECHANICAL SWEEPING,0.00020840,True
BIN LIFTING/WhatsApp_Image_2026-07-01_at_2_05_20_AM__jpeg.jpg,BIN LIFTING,BIN LIFTING,0.84706992,SECONDARY VEHICLES,0.15254618,MECHANICAL SWEEPING,0.00020883,True
BIN LIFTING/WhatsApp_Image_2026-07-01_at_2_06_43_AM__jpeg.jpg,BIN LIFTING,BIN LIFTING,0.99420977,SECONDARY VEHICLES,0.00573271,MECHANICAL SWEEPING,0.00003643,True
BIN LIFTING/WhatsApp_Image_2026-07-10_at_12_12_43_AM__jpeg.jpg,BIN LIFTING,BIN LIFTING,0.99992037,BIN WASHING,0.00002701,MECHANICAL SWEEPING,0.00002676,True
BIN LIFTING/WhatsApp_Image_2026-07-10_at_4_55_20_AM__jpeg.jpg,BIN LIFTING,BIN LIFTING,0.92739522,SECONDARY VEHICLES,0.03904068,MECHANICAL SWEEPING,0.03033683,True
BIN LIFTING/WhatsApp_Image_2026-07-11_at_3_31_57_AM__jpeg.jpg,BIN LIFTING,BIN LIFTING,0.97721225,MECHANICAL SWEEPING,0.01414305,SECONDARY VEHICLES,0.00851021,True
BIN LIFTING/WhatsApp_Image_2026-07-12_at_11_53_00_PM__jpeg.jpg,BIN LIFTING,BIN LIFTING,0.98835844,BIN WASHING,0.00976146,SECONDARY VEHICLES,0.00173470,True
BIN LIFTING/WhatsApp_Image_2026-07-13_at_12_27_52_AM__jpeg.jpg,BIN LIFTING,BIN LIFTING,0.99993420,SECONDARY VEHICLES,0.00006199,MECHANICAL SWEEPING,0.00000152,True
BIN LIFTING/image745__png.jpg,BIN LIFTING,BIN LIFTING,0.99993432,SECONDARY VEHICLES,0.00003229,MECHANICAL SWEEPING,0.00002960,True
BIN LIFTING/image758__png.jpg,BIN LIFTING,BIN LIFTING,0.99889660,BIN WASHING,0.00065278,PRIMARY COLLECTION,0.00023648,True
BIN LIFTING/image764__png.jpg,BIN LIFTING,BIN LIFTING,0.99997032,SECONDARY VEHICLES,0.00002448,PRIMARY COLLECTION,0.00000216,True
BIN LIFTING/image765__png.jpg,BIN LIFTING,BIN LIFTING,0.99939036,SECONDARY VEHICLES,0.00060635,BIN WASHING,0.00000164,True
BIN LIFTING/image781__png.jpg,BIN LIFTING,BIN LIFTING,0.99699956,SECONDARY VEHICLES,0.00295615,MECHANICAL SWEEPING,0.00003206,True
BIN LIFTING/image796__png.jpg,BIN LIFTING,BIN LIFTING,0.99871135,SECONDARY VEHICLES,0.00075393,BIN WASHING,0.00037512,True
BIN LIFTING/image801__png.jpg,BIN LIFTING,BIN LIFTING,0.99956805,SECONDARY VEHICLES,0.00026861,MECHANICAL SWEEPING,0.00013155,True
BIN WASHING/WhatsApp_Image_2026-07-01_at_11_52_30_PM__jpeg.jpg,BIN WASHING,BIN WASHING,0.98658943,ROAD SWEEPING,0.00473732,SECONDARY VEHICLES,0.00471753,True
BIN WASHING/WhatsApp_Image_2026-07-02_at_5_16_42_AM__jpeg.jpg,BIN WASHING,BIN WASHING,0.99997127,ROAD SWEEPING,0.00000975,LFC,0.00000891,True
BIN WASHING/WhatsApp_Image_2026-07-02_at_5_40_29_PM_2__jpeg.jpg,BIN WASHING,BIN WASHING,0.99998784,ROAD SWEEPING,0.00000456,BIN LIFTING,0.00000288,True
BIN WASHING/WhatsApp_Image_2026-07-03_at_12_59_10_PM__jpeg.jpg,BIN WASHING,BIN WASHING,0.99981457,ROAD SWEEPING,0.00007105,LFC,0.00004032,True
BIN WASHING/WhatsApp_Image_2026-07-03_at_12_59_15_PM__jpeg.jpg,BIN WASHING,BIN WASHING,0.99646699,BIN LIFTING,0.00137995,SECONDARY VEHICLES,0.00133167,True
BIN WASHING/WhatsApp_Image_2026-07-03_at_12_59_18_PM__jpeg.jpg,BIN WASHING,BIN WASHING,0.99988985,ROAD SWEEPING,0.00004084,MANUAL BEACH CLEANING,0.00003965,True
BIN WASHING/WhatsApp_Image_2026-07-03_at_12_59_23_PM__jpeg.jpg,BIN WASHING,BIN WASHING,0.99838579,BIN LIFTING,0.00110624,SECONDARY VEHICLES,0.00037730,True
BIN WASHING/WhatsApp_Image_2026-07-03_at_12_59_28_PM__jpeg.jpg,BIN WASHING,BIN WASHING,0.99677235,PRIMARY COLLECTION,0.00165707,ROAD SWEEPING,0.00117293,True
BIN WASHING/WhatsApp_Image_2026-07-03_at_12_59_30_PM__jpeg.jpg,BIN WASHING,BIN WASHING,0.99998140,SECONDARY VEHICLES,0.00001017,BIN LIFTING,0.00000288,True
BIN WASHING/WhatsApp_Image_2026-07-03_at_12_59_32_PM__jpeg.jpg,BIN WASHING,BIN WASHING,0.99211472,LFC,0.00692305,ROAD SWEEPING,0.00041131,True
BIN WASHING/WhatsApp_Image_2026-07-03_at_3_27_21_PM__jpeg.jpg,BIN WASHING,BIN WASHING,0.99988616,MECHANIZED BEACH CLEANING,0.00010036,BIN LIFTING,0.00000520,True
BIN WASHING/WhatsApp_Image_2026-07-03_at_3_49_43_PM__jpeg.jpg,BIN WASHING,BIN WASHING,0.99972659,BIN LIFTING,0.00010435,ROAD SWEEPING,0.00006955,True
BIN WASHING/WhatsApp_Image_2026-07-03_at_5_20_41_AM__jpeg.jpg,BIN WASHING,BIN WASHING,0.99999976,LFC,0.00000010,MECHANIZED BEACH CLEANING,0.00000005,True
BIN WASHING/WhatsApp_Image_2026-07-03_at_5_35_12_AM__jpeg.jpg,BIN WASHING,BIN WASHING,0.98932076,ROAD SWEEPING,0.00291602,SECONDARY VEHICLES,0.00254970,True
BIN WASHING/WhatsApp_Image_2026-07-03_at_5_39_59_AM_1__jpeg.jpg,BIN WASHING,BIN WASHING,0.99986970,LFC,0.00007182,GATE MEETING,0.00003759,True
BIN WASHING/WhatsApp_Image_2026-07-03_at_6_27_07_AM__jpeg.jpg,BIN WASHING,BIN WASHING,0.99999297,BIN LIFTING,0.00000483,MANUAL BEACH CLEANING,0.00000113,True
BIN WASHING/WhatsApp_Image_2026-07-03_at_7_06_25_PM_1__jpeg.jpg,BIN WASHING,BIN WASHING,0.99984074,BIN LIFTING,0.00009575,LFC,0.00003912,True
BIN WASHING/WhatsApp_Image_2026-07-03_at_7_06_28_PM__jpeg.jpg,BIN WASHING,BIN WASHING,0.99958664,BIN LIFTING,0.00037715,ROAD SWEEPING,0.00002183,True
BIN WASHING/WhatsApp_Image_2026-07-03_at_7_10_09_AM__jpeg.jpg,BIN WASHING,BIN WASHING,0.99995005,GATE MEETING,0.00002715,BIN LIFTING,0.00000984,True
BIN WASHING/WhatsApp_Image_2026-07-04_at_8_03_08_PM__jpeg.jpg,BIN WASHING,BIN WASHING,0.99961925,MECHANIZED BEACH CLEANING,0.00022222,LFC,0.00005388,True
BIN WASHING/WhatsApp_Image_2026-07-07_at_1_31_21_PM_1__jpeg.jpg,BIN WASHING,BIN WASHING,0.99989951,MECHANIZED BEACH CLEANING,0.00006672,BIN LIFTING,0.00003017,True
BIN WASHING/WhatsApp_Image_2026-07-07_at_1_31_21_PM__jpeg.jpg,BIN WASHING,BIN WASHING,0.99960059,SECONDARY VEHICLES,0.00026236,BIN LIFTING,0.00004058,True
BIN WASHING/WhatsApp_Image_2026-07-07_at_1_31_23_PM_1__jpeg.jpg,BIN WASHING,BIN WASHING,0.99981219,SECONDARY VEHICLES,0.00006696,PRIMARY COLLECTION,0.00004529,True
BIN WASHING/WhatsApp_Image_2026-07-07_at_1_31_23_PM_2__jpeg.jpg,BIN WASHING,BIN WASHING,0.99550194,SECONDARY VEHICLES,0.00393035,MECHANIZED BEACH CLEANING,0.00017881,True
BIN WASHING/WhatsApp_Image_2026-07-07_at_3_58_27_PM__jpeg.jpg,BIN WASHING,BIN WASHING,0.99999940,ROAD SWEEPING,0.00000041,LFC,0.00000013,True
BIN WASHING/WhatsApp_Image_2026-07-07_at_6_22_16_AM__jpeg.jpg,BIN WASHING,BIN WASHING,0.99983048,MECHANIZED BEACH CLEANING,0.00008377,LFC,0.00004530,True
BIN WASHING/WhatsApp_Image_2026-07-07_at_6_37_40_AM__jpeg.jpg,BIN WASHING,BIN WASHING,0.93238199,LFC,0.04736122,ROAD SWEEPING,0.01754023,True
BIN WASHING/WhatsApp_Image_2026-07-08_at_4_38_10_AM_1__jpeg.jpg,BIN WASHING,BIN WASHING,0.99993265,ROAD SWEEPING,0.00004490,LFC,0.00001472,True
BIN WASHING/WhatsApp_Image_2026-07-08_at_4_54_47_AM__jpeg.jpg,BIN WASHING,ROAD SWEEPING,0.49787894,BIN WASHING,0.48103887,LFC,0.00702685,False
BIN WASHING/WhatsApp_Image_2026-07-08_at_5_22_24_AM__jpeg.jpg,BIN WASHING,BIN WASHING,0.99989200,ROAD SWEEPING,0.00003100,MECHANIZED BEACH CLEANING,0.00002733,True
BIN WASHING/WhatsApp_Image_2026-07-08_at_5_55_59_AM__jpeg.jpg,BIN WASHING,BIN WASHING,0.99978787,SECONDARY VEHICLES,0.00011761,BIN LIFTING,0.00005262,True
BIN WASHING/WhatsApp_Image_2026-07-08_at_5_56_00_AM_2__jpeg.jpg,BIN WASHING,BIN WASHING,0.99924767,BIN LIFTING,0.00050550,MANUAL BEACH CLEANING,0.00011658,True
BIN WASHING/WhatsApp_Image_2026-07-08_at_5_56_01_AM_1__jpeg.jpg,BIN WASHING,BIN WASHING,0.99670225,MANUAL BEACH CLEANING,0.00197786,GATE MEETING,0.00038101,True
BIN WASHING/WhatsApp_Image_2026-07-08_at_5_56_03_AM_2__jpeg.jpg,BIN WASHING,BIN WASHING,0.99869943,ROAD SWEEPING,0.00028871,GATE MEETING,0.00019142,True
BIN WASHING/WhatsApp_Image_2026-07-08_at_5_56_04_AM__jpeg.jpg,BIN WASHING,BIN WASHING,0.99965894,ROAD SWEEPING,0.00025705,LFC,0.00005937,True
BIN WASHING/WhatsApp_Image_2026-07-08_at_5_56_05_AM__jpeg.jpg,BIN WASHING,BIN WASHING,0.89150220,ROAD SWEEPING,0.09555494,LFC,0.01206030,True
BIN WASHING/WhatsApp_Image_2026-07-08_at_6_59_49_PM__jpeg.jpg,BIN WASHING,BIN WASHING,0.99999547,BIN LIFTING,0.00000315,MECHANIZED BEACH CLEANING,0.00000096,True
BIN WASHING/WhatsApp_Image_2026-07-09_at_3_27_26_PM__jpeg.jpg,BIN WASHING,BIN WASHING,0.99768603,ROAD SWEEPING,0.00072036,BIN LIFTING,0.00053067,True
BIN WASHING/WhatsApp_Image_2026-07-09_at_3_36_07_PM__jpeg.jpg,BIN WASHING,BIN WASHING,0.99229288,BIN LIFTING,0.00354734,ROAD SWEEPING,0.00261558,True
BIN WASHING/WhatsApp_Image_2026-07-09_at_6_17_48_AM_1__jpeg.jpg,BIN WASHING,BIN WASHING,0.96149033,BIN LIFTING,0.03706407,ROAD SWEEPING,0.00134393,True
BIN WASHING/WhatsApp_Image_2026-07-09_at_6_17_49_AM_2__jpeg.jpg,BIN WASHING,BIN WASHING,0.99547559,SECONDARY VEHICLES,0.00187412,BIN LIFTING,0.00163506,True
BIN WASHING/WhatsApp_Image_2026-07-09_at_6_17_50_AM_1__jpeg.jpg,BIN WASHING,BIN WASHING,0.99454343,BIN LIFTING,0.00418134,MANUAL BEACH CLEANING,0.00045114,True
BIN WASHING/WhatsApp_Image_2026-07-09_at_7_28_56_AM__jpeg.jpg,BIN WASHING,BIN WASHING,0.99810421,BIN LIFTING,0.00180130,MANUAL BEACH CLEANING,0.00006188,True
BIN WASHING/image1378__png.jpg,BIN WASHING,BIN WASHING,0.99256670,ROAD SWEEPING,0.00607453,LFC,0.00115997,True
BIN WASHING/image1404__png.jpg,BIN WASHING,BIN WASHING,0.99945253,BIN LIFTING,0.00014775,PRIMARY COLLECTION,0.00014665,True
BIN WASHING/image1420__png.jpg,BIN WASHING,BIN WASHING,0.99863017,BIN LIFTING,0.00074170,ROAD SWEEPING,0.00030382,True
BIN WASHING/image1428__png.jpg,BIN WASHING,BIN WASHING,0.99838674,PRIMARY COLLECTION,0.00068566,ROAD SWEEPING,0.00055874,True
BIN WASHING/image1429__png.jpg,BIN WASHING,BIN WASHING,0.99999881,LFC,0.00000069,ROAD SWEEPING,0.00000027,True
BIN WASHING/image1430__png.jpg,BIN WASHING,BIN WASHING,0.99971133,BIN LIFTING,0.00015241,LFC,0.00005012,True
GATE MEETING/WhatsApp_Image_2026-07-01_at_10_26_38_PM__jpeg.jpg,GATE MEETING,GATE MEETING,0.99926680,PRIMARY COLLECTION,0.00030049,ROAD SWEEPING,0.00019338,True
GATE MEETING/WhatsApp_Image_2026-07-01_at_10_28_24_PM__jpeg.jpg,GATE MEETING,GATE MEETING,0.99999928,MANUAL BEACH CLEANING,0.00000058,LFC,0.00000010,True
GATE MEETING/WhatsApp_Image_2026-07-01_at_10_28_25_PM_1__jpeg.jpg,GATE MEETING,GATE MEETING,0.99999928,MANUAL BEACH CLEANING,0.00000062,LFC,0.00000006,True
GATE MEETING/WhatsApp_Image_2026-07-01_at_2_22_11_PM__jpeg.jpg,GATE MEETING,GATE MEETING,0.99981624,MANUAL BEACH CLEANING,0.00005973,PRIMARY COLLECTION,0.00005243,True
GATE MEETING/WhatsApp_Image_2026-07-01_at_6_38_28_AM__jpeg.jpg,GATE MEETING,GATE MEETING,0.99999571,PRIMARY COLLECTION,0.00000388,ROAD SWEEPING,0.00000028,True
GATE MEETING/WhatsApp_Image_2026-07-01_at_9_51_56_PM_1__jpeg.jpg,GATE MEETING,GATE MEETING,0.99898833,PRIMARY COLLECTION,0.00048033,ROAD SWEEPING,0.00032685,True
GATE MEETING/WhatsApp_Image_2026-07-02_at_10_41_29_PM_1__jpeg.jpg,GATE MEETING,GATE MEETING,0.99998355,LFC,0.00000619,MANUAL BEACH CLEANING,0.00000510,True
GATE MEETING/WhatsApp_Image_2026-07-02_at_7_13_08_AM_1__jpeg.jpg,GATE MEETING,GATE MEETING,0.99978989,ROAD SWEEPING,0.00013824,BIN WASHING,0.00005534,True
GATE MEETING/WhatsApp_Image_2026-07-02_at_7_13_09_AM__jpeg.jpg,GATE MEETING,GATE MEETING,0.99997604,ROAD SWEEPING,0.00002082,LFC,0.00000143,True
GATE MEETING/WhatsApp_Image_2026-07-03_at_10_29_52_PM_2__jpeg.jpg,GATE MEETING,GATE MEETING,0.99999797,MANUAL BEACH CLEANING,0.00000078,LFC,0.00000059,True
GATE MEETING/WhatsApp_Image_2026-07-03_at_4_53_28_PM_1__jpeg.jpg,GATE MEETING,MANUAL BEACH CLEANING,0.68866652,GATE MEETING,0.31018046,ROAD SWEEPING,0.00084856,False
GATE MEETING/WhatsApp_Image_2026-07-03_at_9_28_21_AM_1__jpeg.jpg,GATE MEETING,PRIMARY COLLECTION,0.96342480,GATE MEETING,0.02871548,BIN WASHING,0.00406217,False
GATE MEETING/WhatsApp_Image_2026-07-04_at_10_30_05_PM__jpeg.jpg,GATE MEETING,GATE MEETING,0.99999881,PRIMARY COLLECTION,0.00000046,BIN WASHING,0.00000026,True
GATE MEETING/WhatsApp_Image_2026-07-04_at_2_31_36_AM_2__jpeg.jpg,GATE MEETING,ROAD SWEEPING,0.54073960,GATE MEETING,0.39317572,PRIMARY COLLECTION,0.03522939,False
GATE MEETING/WhatsApp_Image_2026-07-04_at_9_34_46_PM_1__jpeg.jpg,GATE MEETING,GATE MEETING,1.00000000,BIN WASHING,0.00000002,ROAD SWEEPING,0.00000001,True
GATE MEETING/WhatsApp_Image_2026-07-04_at_9_47_10_PM__jpeg.jpg,GATE MEETING,GATE MEETING,0.99995208,ROAD SWEEPING,0.00002013,LFC,0.00000979,True
GATE MEETING/WhatsApp_Image_2026-07-05_at_2_31_44_PM__jpeg.jpg,GATE MEETING,GATE MEETING,0.99999678,MANUAL BEACH CLEANING,0.00000253,ROAD SWEEPING,0.00000028,True
GATE MEETING/WhatsApp_Image_2026-07-05_at_6_04_36_AM__jpeg.jpg,GATE MEETING,GATE MEETING,0.99915612,PRIMARY COLLECTION,0.00082589,ROAD SWEEPING,0.00001205,True
GATE MEETING/WhatsApp_Image_2026-07-05_at_6_20_12_AM_1__jpeg.jpg,GATE MEETING,GATE MEETING,0.99999857,MANUAL BEACH CLEANING,0.00000076,PRIMARY COLLECTION,0.00000022,True
GATE MEETING/WhatsApp_Image_2026-07-06_at_2_54_20_PM__jpeg.jpg,GATE MEETING,GATE MEETING,0.99999118,PRIMARY COLLECTION,0.00000868,ROAD SWEEPING,0.00000006,True
GATE MEETING/WhatsApp_Image_2026-07-06_at_4_24_03_AM__jpeg.jpg,GATE MEETING,GATE MEETING,0.86539465,ROAD SWEEPING,0.13405797,LFC,0.00021841,True
GATE MEETING/WhatsApp_Image_2026-07-07_at_10_29_57_PM__jpeg.jpg,GATE MEETING,GATE MEETING,0.99998212,ROAD SWEEPING,0.00001447,BIN WASHING,0.00000105,True
GATE MEETING/WhatsApp_Image_2026-07-07_at_6_54_56_AM__jpeg.jpg,GATE MEETING,GATE MEETING,0.99979931,PRIMARY COLLECTION,0.00013393,ROAD SWEEPING,0.00004810,True
GATE MEETING/WhatsApp_Image_2026-07-07_at_8_40_11_AM__jpeg.jpg,GATE MEETING,GATE MEETING,0.99922180,PRIMARY COLLECTION,0.00073877,BIN WASHING,0.00002083,True
GATE MEETING/WhatsApp_Image_2026-07-08_at_2_16_33_PM_2__jpeg.jpg,GATE MEETING,GATE MEETING,0.99997795,MANUAL BEACH CLEANING,0.00001680,ROAD SWEEPING,0.00000230,True
GATE MEETING/WhatsApp_Image_2026-07-08_at_6_17_29_AM_1__jpeg.jpg,GATE MEETING,GATE MEETING,0.99976271,MANUAL BEACH CLEANING,0.00023608,MECHANIZED BEACH CLEANING,0.00000090,True
GATE MEETING/WhatsApp_Image_2026-07-08_at_7_29_05_AM__jpeg.jpg,GATE MEETING,GATE MEETING,0.90084422,MANUAL BEACH CLEANING,0.09911067,MECHANIZED BEACH CLEANING,0.00004392,True
GATE MEETING/WhatsApp_Image_2026-07-08_at_7_29_06_AM_1__jpeg.jpg,GATE MEETING,GATE MEETING,0.95677006,MANUAL BEACH CLEANING,0.04316068,MECHANIZED BEACH CLEANING,0.00006529,True
GATE MEETING/WhatsApp_Image_2026-07-09_at_2_11_08_PM__jpeg.jpg,GATE MEETING,GATE MEETING,0.99943620,MANUAL BEACH CLEANING,0.00050106,SECONDARY VEHICLES,0.00002863,True
GATE MEETING/WhatsApp_Image_2026-07-09_at_9_38_56_PM__jpeg.jpg,GATE MEETING,GATE MEETING,0.99999917,PRIMARY COLLECTION,0.00000035,BIN WASHING,0.00000022,True
GATE MEETING/image1213__jpeg.jpg,GATE MEETING,GATE MEETING,0.99980062,ROAD SWEEPING,0.00014330,MANUAL BEACH CLEANING,0.00002110,True
GATE MEETING/image1214__jpeg.jpg,GATE MEETING,GATE MEETING,0.99999928,ROAD SWEEPING,0.00000038,PRIMARY COLLECTION,0.00000021,True
GATE MEETING/image1234__jpeg.jpg,GATE MEETING,GATE MEETING,0.99984968,ROAD SWEEPING,0.00007790,LFC,0.00006160,True
GATE MEETING/image1236__jpeg.jpg,GATE MEETING,GATE MEETING,0.98795331,PRIMARY COLLECTION,0.01185182,ROAD SWEEPING,0.00012344,True
GATE MEETING/image1237__jpeg.jpg,GATE MEETING,GATE MEETING,0.99999940,PRIMARY COLLECTION,0.00000024,BIN WASHING,0.00000016,True
GATE MEETING/image1238__jpeg.jpg,GATE MEETING,GATE MEETING,0.99947363,MANUAL BEACH CLEANING,0.00043746,PRIMARY COLLECTION,0.00005102,True
GATE MEETING/image1244__jpeg.jpg,GATE MEETING,GATE MEETING,0.99999464,LFC,0.00000290,ROAD SWEEPING,0.00000184,True
GATE MEETING/image1245__jpeg.jpg,GATE MEETING,GATE MEETING,0.99999809,PRIMARY COLLECTION,0.00000128,BIN WASHING,0.00000031,True
GATE MEETING/image1266__jpeg.jpg,GATE MEETING,GATE MEETING,0.99943978,PRIMARY COLLECTION,0.00054898,BIN WASHING,0.00000627,True
GATE MEETING/image1276__jpeg.jpg,GATE MEETING,GATE MEETING,0.99999046,LFC,0.00000681,PRIMARY COLLECTION,0.00000133,True
GATE MEETING/image1291__jpeg.jpg,GATE MEETING,GATE MEETING,0.99996901,MANUAL BEACH CLEANING,0.00001807,PRIMARY COLLECTION,0.00000978,True
GATE MEETING/image1294__jpeg.jpg,GATE MEETING,GATE MEETING,0.94545746,PRIMARY COLLECTION,0.05437589,ROAD SWEEPING,0.00007110,True
GATE MEETING/image1296__jpeg.jpg,GATE MEETING,GATE MEETING,0.99939167,MANUAL BEACH CLEANING,0.00051606,PRIMARY COLLECTION,0.00007912,True
GATE MEETING/image1297__jpeg.jpg,GATE MEETING,GATE MEETING,0.99999964,ROAD SWEEPING,0.00000017,SECONDARY VEHICLES,0.00000014,True
GATE MEETING/image1300__jpeg.jpg,GATE MEETING,GATE MEETING,0.99999046,BIN WASHING,0.00000370,LFC,0.00000287,True
GATE MEETING/image1302__jpeg.jpg,GATE MEETING,GATE MEETING,0.99962664,PRIMARY COLLECTION,0.00034962,MANUAL BEACH CLEANING,0.00001591,True
GATE MEETING/image1306__jpeg.jpg,GATE MEETING,GATE MEETING,0.99314648,MECHANIZED BEACH CLEANING,0.00478675,LFC,0.00098661,True
GATE MEETING/image1315__jpeg.jpg,GATE MEETING,GATE MEETING,0.99929047,LFC,0.00040749,MECHANIZED BEACH CLEANING,0.00021060,True
GATE MEETING/image1316__jpeg.jpg,GATE MEETING,GATE MEETING,0.99965608,ROAD SWEEPING,0.00021003,PRIMARY COLLECTION,0.00005357,True
GATE MEETING/image1352__jpeg.jpg,GATE MEETING,GATE MEETING,0.99828953,PRIMARY COLLECTION,0.00169595,MANUAL BEACH CLEANING,0.00000787,True
GATE MEETING/image1353__jpeg.jpg,GATE MEETING,GATE MEETING,0.99991250,LFC,0.00003825,ROAD SWEEPING,0.00003570,True
GATE MEETING/image1364__jpeg.jpg,GATE MEETING,GATE MEETING,0.99999952,MANUAL BEACH CLEANING,0.00000022,PRIMARY COLLECTION,0.00000009,True
GATE MEETING/image1365__jpeg.jpg,GATE MEETING,GATE MEETING,0.90094423,MANUAL BEACH CLEANING,0.05417281,PRIMARY COLLECTION,0.02434697,True
GATE MEETING/image1369__jpeg.jpg,GATE MEETING,GATE MEETING,0.99919575,PRIMARY COLLECTION,0.00029854,BIN WASHING,0.00022882,True
LFC/WhatsApp_Image_2026-04-01_at_7_38_04_PM__jpeg.jpg,LFC,SECONDARY VEHICLES,0.55343395,GATE MEETING,0.26909396,LFC,0.06549484,False
LFC/WhatsApp_Image_2026-04-03_at_8_47_49_AM__jpeg.jpg,LFC,LFC,0.82963526,ROAD SWEEPING,0.13622341,PRIMARY COLLECTION,0.01959206,True
LFC/WhatsApp_Image_2026-04-19_at_5_07_59_PM__jpeg.jpg,LFC,LFC,0.98170358,PRIMARY COLLECTION,0.01329535,ROAD SWEEPING,0.00489829,True
LFC/WhatsApp_Image_2026-04-21_at_7_50_48_AM__jpeg.jpg,LFC,LFC,0.86505169,ROAD SWEEPING,0.13442962,PRIMARY COLLECTION,0.00046315,True
LFC/WhatsApp_Image_2026-04-22_at_10_17_04_AM__jpeg.jpg,LFC,LFC,0.99958879,PRIMARY COLLECTION,0.00017967,ROAD SWEEPING,0.00010753,True
LFC/WhatsApp_Image_2026-04-22_at_6_50_34_PM__jpeg.jpg,LFC,LFC,0.90006405,SECONDARY VEHICLES,0.07382994,MECHANIZED BEACH CLEANING,0.01173588,True
LFC/WhatsApp_Image_2026-04-23_at_5_06_48_PM__jpeg.jpg,LFC,LFC,0.99392879,ROAD SWEEPING,0.00356109,PRIMARY COLLECTION,0.00196695,True
LFC/WhatsApp_Image_2026-04-27_at_6_20_36_PM__jpeg.jpg,LFC,LFC,0.98037040,PRIMARY COLLECTION,0.01882714,ROAD SWEEPING,0.00054307,True
LFC/WhatsApp_Image_2026-07-03_at_7_56_27_AM__jpeg.jpg,LFC,LFC,0.81398010,BIN WASHING,0.12399713,PRIMARY COLLECTION,0.05547841,True
LFC/WhatsApp_Image_2026-07-04_at_7_44_20_AM_1__jpeg.jpg,LFC,ROAD SWEEPING,0.77580750,LFC,0.18340184,MANUAL BEACH CLEANING,0.03360996,False
LFC/WhatsApp_Image_2026-07-07_at_8_47_42_AM__jpeg.jpg,LFC,MANUAL BEACH CLEANING,0.93531412,LFC,0.03407763,GATE MEETING,0.01420430,False
LFC/WhatsApp_Image_2026-07-07_at_9_20_35_AM_1__jpeg.jpg,LFC,LFC,0.92973900,ROAD SWEEPING,0.06171375,BIN WASHING,0.00432712,True
LFC/WhatsApp_Image_2026-07-09_at_6_25_56_PM__jpeg.jpg,LFC,MANUAL BEACH CLEANING,0.95666927,LFC,0.02607788,PRIMARY COLLECTION,0.00711165,False
LFC/image102__jpeg.jpg,LFC,LFC,0.86121756,ROAD SWEEPING,0.10792627,BIN WASHING,0.02706274,True
LFC/image103__jpeg.jpg,LFC,ROAD SWEEPING,0.87215793,LFC,0.11237018,BIN WASHING,0.01189760,False
LFC/image109__jpeg.jpg,LFC,LFC,0.98920691,ROAD SWEEPING,0.00555632,BIN WASHING,0.00351571,True
LFC/image115__jpeg.jpg,LFC,LFC,0.99755979,ROAD SWEEPING,0.00142625,PRIMARY COLLECTION,0.00090385,True
LFC/image127__jpeg.jpg,LFC,ROAD SWEEPING,0.79960996,LFC,0.19985597,PRIMARY COLLECTION,0.00042125,False
LFC/image138__jpeg.jpg,LFC,LFC,0.87286019,ROAD SWEEPING,0.08326744,MANUAL BEACH CLEANING,0.03440858,True
LFC/image146__jpeg.jpg,LFC,LFC,0.85353971,ROAD SWEEPING,0.07258336,BIN WASHING,0.04703718,True
MANUAL BEACH CLEANING/WhatsApp_Image_2026-07-01_at_10_30_21_AM__jpeg.jpg,MANUAL BEACH CLEANING,MANUAL BEACH CLEANING,0.98195124,MECHANIZED BEACH CLEANING,0.01675890,GATE MEETING,0.00104125,True
MANUAL BEACH CLEANING/WhatsApp_Image_2026-07-01_at_10_30_22_AM__jpeg.jpg,MANUAL BEACH CLEANING,MANUAL BEACH CLEANING,0.96913940,MECHANIZED BEACH CLEANING,0.02598041,GATE MEETING,0.00472924,True
MANUAL BEACH CLEANING/WhatsApp_Image_2026-07-01_at_10_30_23_AM__jpeg.jpg,MANUAL BEACH CLEANING,MANUAL BEACH CLEANING,0.99486828,ROAD SWEEPING,0.00489688,MECHANIZED BEACH CLEANING,0.00017115,True
MANUAL BEACH CLEANING/WhatsApp_Image_2026-07-01_at_10_30_36_AM__jpeg.jpg,MANUAL BEACH CLEANING,MANUAL BEACH CLEANING,0.98887980,MECHANIZED BEACH CLEANING,0.01104265,GATE MEETING,0.00002785,True
MANUAL BEACH CLEANING/WhatsApp_Image_2026-07-01_at_11_46_14_PM__jpeg.jpg,MANUAL BEACH CLEANING,MANUAL BEACH CLEANING,0.88603842,ROAD SWEEPING,0.06071344,LFC,0.03202335,True
MANUAL BEACH CLEANING/WhatsApp_Image_2026-07-01_at_11_51_54_AM_1__jpeg.jpg,MANUAL BEACH CLEANING,MANUAL BEACH CLEANING,0.99906939,MECHANIZED BEACH CLEANING,0.00092070,GATE MEETING,0.00000619,True
MANUAL BEACH CLEANING/WhatsApp_Image_2026-07-01_at_11_51_55_AM_1__jpeg.jpg,MANUAL BEACH CLEANING,MANUAL BEACH CLEANING,0.99978369,MECHANIZED BEACH CLEANING,0.00015359,ROAD SWEEPING,0.00004888,True
MANUAL BEACH CLEANING/WhatsApp_Image_2026-07-01_at_1_00_42_AM__jpeg.jpg,MANUAL BEACH CLEANING,MANUAL BEACH CLEANING,0.99997473,MECHANIZED BEACH CLEANING,0.00001837,SECONDARY VEHICLES,0.00000571,True
MANUAL BEACH CLEANING/WhatsApp_Image_2026-07-01_at_3_59_11_PM__jpeg.jpg,MANUAL BEACH CLEANING,MANUAL BEACH CLEANING,0.99999940,MECHANIZED BEACH CLEANING,0.00000053,ROAD SWEEPING,0.00000005,True
MANUAL BEACH CLEANING/WhatsApp_Image_2026-07-01_at_4_01_32_PM_1__jpeg.jpg,MANUAL BEACH CLEANING,MANUAL BEACH CLEANING,0.99998236,MECHANIZED BEACH CLEANING,0.00001064,ROAD SWEEPING,0.00000535,True
MANUAL BEACH CLEANING/WhatsApp_Image_2026-07-01_at_4_22_45_AM__jpeg.jpg,MANUAL BEACH CLEANING,MANUAL BEACH CLEANING,0.99955994,MECHANIZED BEACH CLEANING,0.00018160,SECONDARY VEHICLES,0.00012518,True
MANUAL BEACH CLEANING/WhatsApp_Image_2026-07-01_at_5_10_14_PM__jpeg.jpg,MANUAL BEACH CLEANING,MANUAL BEACH CLEANING,0.99989796,SECONDARY VEHICLES,0.00004792,MECHANIZED BEACH CLEANING,0.00004153,True
MANUAL BEACH CLEANING/WhatsApp_Image_2026-07-01_at_6_34_52_AM_1__jpeg.jpg,MANUAL BEACH CLEANING,MANUAL BEACH CLEANING,0.99999177,SECONDARY VEHICLES,0.00000217,MECHANIZED BEACH CLEANING,0.00000205,True
MANUAL BEACH CLEANING/WhatsApp_Image_2026-07-01_at_6_34_53_AM__jpeg.jpg,MANUAL BEACH CLEANING,MANUAL BEACH CLEANING,0.99997771,MECHANIZED BEACH CLEANING,0.00002034,GATE MEETING,0.00000104,True
MANUAL BEACH CLEANING/WhatsApp_Image_2026-07-01_at_7_26_28_AM_1__jpeg.jpg,MANUAL BEACH CLEANING,MANUAL BEACH CLEANING,0.84796095,GATE MEETING,0.05694645,BIN WASHING,0.03800136,True
MANUAL BEACH CLEANING/WhatsApp_Image_2026-07-01_at_8_03_08_AM_1__jpeg.jpg,MANUAL BEACH CLEANING,MANUAL BEACH CLEANING,0.99988389,ROAD SWEEPING,0.00010861,MECHANIZED BEACH CLEANING,0.00000642,True
MANUAL BEACH CLEANING/WhatsApp_Image_2026-07-01_at_8_19_08_AM__jpeg.jpg,MANUAL BEACH CLEANING,MANUAL BEACH CLEANING,0.99999905,MECHANIZED BEACH CLEANING,0.00000082,SECONDARY VEHICLES,0.00000006,True
MANUAL BEACH CLEANING/WhatsApp_Image_2026-07-01_at_8_43_32_AM_1__jpeg.jpg,MANUAL BEACH CLEANING,MANUAL BEACH CLEANING,0.99966621,ROAD SWEEPING,0.00031055,MECHANIZED BEACH CLEANING,0.00001778,True
MANUAL BEACH CLEANING/WhatsApp_Image_2026-07-01_at_8_44_42_AM_1__jpeg.jpg,MANUAL BEACH CLEANING,MANUAL BEACH CLEANING,0.99999642,MECHANIZED BEACH CLEANING,0.00000330,ROAD SWEEPING,0.00000009,True
MANUAL BEACH CLEANING/WhatsApp_Image_2026-07-01_at_9_19_16_AM__jpeg.jpg,MANUAL BEACH CLEANING,MANUAL BEACH CLEANING,0.99931073,GATE MEETING,0.00056164,PRIMARY COLLECTION,0.00004827,True
MANUAL BEACH CLEANING/WhatsApp_Image_2026-07-01_at_9_19_18_AM_1__jpeg.jpg,MANUAL BEACH CLEANING,MANUAL BEACH CLEANING,0.99788767,SECONDARY VEHICLES,0.00118858,PRIMARY COLLECTION,0.00045593,True
MANUAL BEACH CLEANING/WhatsApp_Image_2026-07-01_at_9_19_18_AM__jpeg.jpg,MANUAL BEACH CLEANING,MANUAL BEACH CLEANING,0.99939489,PRIMARY COLLECTION,0.00028836,ROAD SWEEPING,0.00027218,True
MANUAL BEACH CLEANING/WhatsApp_Image_2026-07-02_at_11_23_05_PM__jpeg.jpg,MANUAL BEACH CLEANING,MANUAL BEACH CLEANING,0.97345835,ROAD SWEEPING,0.02462159,SECONDARY VEHICLES,0.00093342,True
MANUAL BEACH CLEANING/WhatsApp_Image_2026-07-02_at_11_41_48_AM__jpeg.jpg,MANUAL BEACH CLEANING,MANUAL BEACH CLEANING,0.99996936,ROAD SWEEPING,0.00002776,MECHANIZED BEACH CLEANING,0.00000191,True
MANUAL BEACH CLEANING/WhatsApp_Image_2026-07-02_at_11_51_09_PM__jpeg.jpg,MANUAL BEACH CLEANING,MANUAL BEACH CLEANING,0.97753900,ROAD SWEEPING,0.01821479,SECONDARY VEHICLES,0.00304757,True
MANUAL BEACH CLEANING/WhatsApp_Image_2026-07-02_at_11_51_10_PM_1__jpeg.jpg,MANUAL BEACH CLEANING,MANUAL BEACH CLEANING,0.99779415,ROAD SWEEPING,0.00189851,GATE MEETING,0.00011553,True
MANUAL BEACH CLEANING/WhatsApp_Image_2026-07-02_at_12_37_12_PM_1__jpeg.jpg,MANUAL BEACH CLEANING,MANUAL BEACH CLEANING,0.99998701,MECHANIZED BEACH CLEANING,0.00001224,SECONDARY VEHICLES,0.00000056,True
MANUAL BEACH CLEANING/WhatsApp_Image_2026-07-02_at_3_33_26_PM__jpeg.jpg,MANUAL BEACH CLEANING,MANUAL BEACH CLEANING,0.99982339,MECHANIZED BEACH CLEANING,0.00016666,GATE MEETING,0.00000712,True
MANUAL BEACH CLEANING/WhatsApp_Image_2026-07-02_at_3_33_54_PM__jpeg.jpg,MANUAL BEACH CLEANING,MANUAL BEACH CLEANING,0.98447716,MECHANIZED BEACH CLEANING,0.01473256,LFC,0.00028369,True
MANUAL BEACH CLEANING/WhatsApp_Image_2026-07-02_at_3_33_57_PM__jpeg.jpg,MANUAL BEACH CLEANING,MANUAL BEACH CLEANING,0.97319621,MECHANIZED BEACH CLEANING,0.02541454,LFC,0.00069319,True
MANUAL BEACH CLEANING/WhatsApp_Image_2026-07-02_at_4_35_32_PM_2__jpeg.jpg,MANUAL BEACH CLEANING,MANUAL BEACH CLEANING,0.99994755,ROAD SWEEPING,0.00001749,SECONDARY VEHICLES,0.00001654,True
MANUAL BEACH CLEANING/WhatsApp_Image_2026-07-02_at_5_42_49_AM_1__jpeg.jpg,MANUAL BEACH CLEANING,MANUAL BEACH CLEANING,0.99646723,MECHANIZED BEACH CLEANING,0.00133632,LFC,0.00096248,True
MANUAL BEACH CLEANING/WhatsApp_Image_2026-07-02_at_5_45_15_PM_1__jpeg.jpg,MANUAL BEACH CLEANING,MANUAL BEACH CLEANING,0.86285049,SECONDARY VEHICLES,0.13528870,MECHANIZED BEACH CLEANING,0.00144387,True
MANUAL BEACH CLEANING/WhatsApp_Image_2026-07-02_at_6_14_04_PM_1__jpeg.jpg,MANUAL BEACH CLEANING,MANUAL BEACH CLEANING,0.98450387,MECHANIZED BEACH CLEANING,0.01533823,ROAD SWEEPING,0.00006475,True
MANUAL BEACH CLEANING/WhatsApp_Image_2026-07-02_at_7_05_35_AM__jpeg.jpg,MANUAL BEACH CLEANING,MANUAL BEACH CLEANING,0.99656808,ROAD SWEEPING,0.00316173,LFC,0.00015973,True
MANUAL BEACH CLEANING/WhatsApp_Image_2026-07-02_at_7_45_52_AM_1__jpeg.jpg,MANUAL BEACH CLEANING,MANUAL BEACH CLEANING,0.99999547,MECHANIZED BEACH CLEANING,0.00000146,SECONDARY VEHICLES,0.00000106,True
MANUAL BEACH CLEANING/WhatsApp_Image_2026-07-02_at_7_45_52_AM__jpeg.jpg,MANUAL BEACH CLEANING,MANUAL BEACH CLEANING,0.99997246,ROAD SWEEPING,0.00002198,BIN WASHING,0.00000388,True
MANUAL BEACH CLEANING/WhatsApp_Image_2026-07-02_at_8_11_36_AM__jpeg.jpg,MANUAL BEACH CLEANING,MANUAL BEACH CLEANING,0.99074429,SECONDARY VEHICLES,0.00451466,PRIMARY COLLECTION,0.00150071,True
MANUAL BEACH CLEANING/WhatsApp_Image_2026-07-02_at_8_25_09_AM_1__jpeg.jpg,MANUAL BEACH CLEANING,MANUAL BEACH CLEANING,0.99926656,MECHANIZED BEACH CLEANING,0.00048247,SECONDARY VEHICLES,0.00024021,True
MANUAL BEACH CLEANING/WhatsApp_Image_2026-07-03_at_10_59_01_PM_1__jpeg.jpg,MANUAL BEACH CLEANING,MANUAL BEACH CLEANING,0.99745303,ROAD SWEEPING,0.00137115,GATE MEETING,0.00082286,True
MANUAL BEACH CLEANING/WhatsApp_Image_2026-07-03_at_10_59_02_PM_1__jpeg.jpg,MANUAL BEACH CLEANING,MANUAL BEACH CLEANING,0.99999893,ROAD SWEEPING,0.00000024,MECHANIZED BEACH CLEANING,0.00000023,True
MANUAL BEACH CLEANING/WhatsApp_Image_2026-07-03_at_10_59_03_PM_2__jpeg.jpg,MANUAL BEACH CLEANING,MANUAL BEACH CLEANING,0.99817884,ROAD SWEEPING,0.00173420,SECONDARY VEHICLES,0.00003964,True
MANUAL BEACH CLEANING/WhatsApp_Image_2026-07-03_at_1_00_55_PM_1__jpeg.jpg,MANUAL BEACH CLEANING,MANUAL BEACH CLEANING,0.99912065,MECHANIZED BEACH CLEANING,0.00073434,SECONDARY VEHICLES,0.00007471,True
MANUAL BEACH CLEANING/WhatsApp_Image_2026-07-03_at_1_00_55_PM__jpeg.jpg,MANUAL BEACH CLEANING,MANUAL BEACH CLEANING,0.99993885,MECHANIZED BEACH CLEANING,0.00003498,ROAD SWEEPING,0.00001398,True
MANUAL BEACH CLEANING/WhatsApp_Image_2026-07-03_at_1_03_44_PM__jpeg.jpg,MANUAL BEACH CLEANING,MANUAL BEACH CLEANING,0.99998224,MECHANIZED BEACH CLEANING,0.00001538,ROAD SWEEPING,0.00000223,True
MANUAL BEACH CLEANING/WhatsApp_Image_2026-07-03_at_1_28_25_PM__jpeg.jpg,MANUAL BEACH CLEANING,MANUAL BEACH CLEANING,0.99903536,ROAD SWEEPING,0.00084363,SECONDARY VEHICLES,0.00005005,True
MANUAL BEACH CLEANING/WhatsApp_Image_2026-07-03_at_3_05_58_PM__jpeg.jpg,MANUAL BEACH CLEANING,MANUAL BEACH CLEANING,0.99999845,ROAD SWEEPING,0.00000099,MECHANIZED BEACH CLEANING,0.00000024,True
MANUAL BEACH CLEANING/WhatsApp_Image_2026-07-03_at_4_53_26_PM__jpeg.jpg,MANUAL BEACH CLEANING,MANUAL BEACH CLEANING,0.61853832,GATE MEETING,0.37769851,PRIMARY COLLECTION,0.00227835,True
MANUAL BEACH CLEANING/WhatsApp_Image_2026-07-03_at_4_53_29_PM_1__jpeg.jpg,MANUAL BEACH CLEANING,MANUAL BEACH CLEANING,0.97804558,GATE MEETING,0.01780566,MECHANIZED BEACH CLEANING,0.00352985,True
MANUAL BEACH CLEANING/WhatsApp_Image_2026-07-03_at_6_44_21_PM_1__jpeg.jpg,MANUAL BEACH CLEANING,MANUAL BEACH CLEANING,0.90621191,ROAD SWEEPING,0.09340182,LFC,0.00020296,True
MANUAL BEACH CLEANING/WhatsApp_Image_2026-07-03_at_6_45_57_PM__jpeg.jpg,MANUAL BEACH CLEANING,MANUAL BEACH CLEANING,0.99863774,MECHANIZED BEACH CLEANING,0.00130898,SECONDARY VEHICLES,0.00003730,True
MANUAL BEACH CLEANING/WhatsApp_Image_2026-07-03_at_7_54_38_AM_1__jpeg.jpg,MANUAL BEACH CLEANING,MANUAL BEACH CLEANING,0.98753917,MECHANIZED BEACH CLEANING,0.01092207,GATE MEETING,0.00077312,True
MANUAL BEACH CLEANING/WhatsApp_Image_2026-07-03_at_7_54_38_AM__jpeg.jpg,MANUAL BEACH CLEANING,MANUAL BEACH CLEANING,0.99924314,MECHANIZED BEACH CLEANING,0.00070722,SECONDARY VEHICLES,0.00003381,True
MANUAL BEACH CLEANING/WhatsApp_Image_2026-07-03_at_7_54_40_AM__jpeg.jpg,MANUAL BEACH CLEANING,MANUAL BEACH CLEANING,0.99820161,MECHANIZED BEACH CLEANING,0.00130176,SECONDARY VEHICLES,0.00039958,True
MANUAL BEACH CLEANING/WhatsApp_Image_2026-07-03_at_8_06_11_AM_1__jpeg.jpg,MANUAL BEACH CLEANING,MANUAL BEACH CLEANING,0.99998951,ROAD SWEEPING,0.00000365,MECHANIZED BEACH CLEANING,0.00000325,True
MANUAL BEACH CLEANING/WhatsApp_Image_2026-07-03_at_8_06_12_AM_1__jpeg.jpg,MANUAL BEACH CLEANING,MANUAL BEACH CLEANING,0.99978191,MECHANIZED BEACH CLEANING,0.00019302,LFC,0.00001114,True
MANUAL BEACH CLEANING/WhatsApp_Image_2026-07-03_at_8_21_34_PM_1__jpeg.jpg,MANUAL BEACH CLEANING,MANUAL BEACH CLEANING,0.99799240,GATE MEETING,0.00196660,SECONDARY VEHICLES,0.00002398,True
MANUAL BEACH CLEANING/WhatsApp_Image_2026-07-03_at_8_21_36_PM__jpeg.jpg,MANUAL BEACH CLEANING,MANUAL BEACH CLEANING,0.98375744,GATE MEETING,0.01590209,SECONDARY VEHICLES,0.00033407,True
MANUAL BEACH CLEANING/WhatsApp_Image_2026-07-03_at_8_22_34_AM__jpeg.jpg,MANUAL BEACH CLEANING,MANUAL BEACH CLEANING,0.99995959,MECHANIZED BEACH CLEANING,0.00003821,ROAD SWEEPING,0.00000118,True
MANUAL BEACH CLEANING/WhatsApp_Image_2026-07-03_at_8_46_13_AM_2__jpeg.jpg,MANUAL BEACH CLEANING,MANUAL BEACH CLEANING,0.98728138,MECHANIZED BEACH CLEANING,0.01163032,SECONDARY VEHICLES,0.00031090,True
MANUAL BEACH CLEANING/WhatsApp_Image_2026-07-03_at_9_13_41_AM__jpeg.jpg,MANUAL BEACH CLEANING,GATE MEETING,0.56545144,MANUAL BEACH CLEANING,0.43414414,MECHANIZED BEACH CLEANING,0.00035850,False
MANUAL BEACH CLEANING/WhatsApp_Image_2026-07-04_at_10_25_47_PM_1__jpeg.jpg,MANUAL BEACH CLEANING,MANUAL BEACH CLEANING,0.99999893,ROAD SWEEPING,0.00000048,LFC,0.00000032,True
MANUAL BEACH CLEANING/WhatsApp_Image_2026-07-04_at_11_22_36_PM_2__jpeg.jpg,MANUAL BEACH CLEANING,MANUAL BEACH CLEANING,0.99243951,SECONDARY VEHICLES,0.00613829,PRIMARY COLLECTION,0.00052218,True
MANUAL BEACH CLEANING/WhatsApp_Image_2026-07-04_at_11_22_36_PM__jpeg.jpg,MANUAL BEACH CLEANING,MANUAL BEACH CLEANING,0.99921095,ROAD SWEEPING,0.00068106,SECONDARY VEHICLES,0.00004038,True
MANUAL BEACH CLEANING/WhatsApp_Image_2026-07-04_at_11_22_37_PM__jpeg.jpg,MANUAL BEACH CLEANING,MANUAL BEACH CLEANING,0.99872214,ROAD SWEEPING,0.00058251,GATE MEETING,0.00039660,True
MANUAL BEACH CLEANING/WhatsApp_Image_2026-07-04_at_11_22_38_PM_1__jpeg.jpg,MANUAL BEACH CLEANING,MANUAL BEACH CLEANING,0.87610203,GATE MEETING,0.10084886,ROAD SWEEPING,0.01102604,True
MANUAL BEACH CLEANING/WhatsApp_Image_2026-07-04_at_11_24_18_AM_1__jpeg.jpg,MANUAL BEACH CLEANING,MANUAL BEACH CLEANING,0.99999976,MECHANIZED BEACH CLEANING,0.00000010,ROAD SWEEPING,0.00000007,True
MANUAL BEACH CLEANING/WhatsApp_Image_2026-07-04_at_11_37_27_AM_2__jpeg.jpg,MANUAL BEACH CLEANING,MANUAL BEACH CLEANING,0.99999142,MECHANIZED BEACH CLEANING,0.00000775,SECONDARY VEHICLES,0.00000042,True
MANUAL BEACH CLEANING/WhatsApp_Image_2026-07-04_at_2_10_48_PM__jpeg.jpg,MANUAL BEACH CLEANING,MANUAL BEACH CLEANING,0.99999309,MECHANIZED BEACH CLEANING,0.00000614,ROAD SWEEPING,0.00000034,True
MANUAL BEACH CLEANING/WhatsApp_Image_2026-07-04_at_2_24_08_AM__jpeg.jpg,MANUAL BEACH CLEANING,MANUAL BEACH CLEANING,0.99998927,ROAD SWEEPING,0.00000468,LFC,0.00000254,True
MANUAL BEACH CLEANING/WhatsApp_Image_2026-07-04_at_4_34_27_PM__jpeg.jpg,MANUAL BEACH CLEANING,MANUAL BEACH CLEANING,0.99998808,MECHANIZED BEACH CLEANING,0.00001187,GATE MEETING,0.00000002,True
MANUAL BEACH CLEANING/WhatsApp_Image_2026-07-04_at_4_35_19_PM_1__jpeg.jpg,MANUAL BEACH CLEANING,MANUAL BEACH CLEANING,0.99720591,SECONDARY VEHICLES,0.00183277,PRIMARY COLLECTION,0.00076207,True
MANUAL BEACH CLEANING/WhatsApp_Image_2026-07-04_at_4_44_51_PM__jpeg.jpg,MANUAL BEACH CLEANING,MANUAL BEACH CLEANING,0.99999893,MECHANIZED BEACH CLEANING,0.00000067,ROAD SWEEPING,0.00000018,True
MANUAL BEACH CLEANING/WhatsApp_Image_2026-07-04_at_5_07_46_PM__jpeg.jpg,MANUAL BEACH CLEANING,MANUAL BEACH CLEANING,0.99964368,MECHANIZED BEACH CLEANING,0.00032483,SECONDARY VEHICLES,0.00002976,True
MANUAL BEACH CLEANING/WhatsApp_Image_2026-07-04_at_9_03_29_AM__jpeg.jpg,MANUAL BEACH CLEANING,MANUAL BEACH CLEANING,0.99999642,LFC,0.00000215,MECHANIZED BEACH CLEANING,0.00000071,True
MANUAL BEACH CLEANING/WhatsApp_Image_2026-07-04_at_9_19_10_AM__jpeg.jpg,MANUAL BEACH CLEANING,MANUAL BEACH CLEANING,0.57567024,BIN WASHING,0.38882735,LFC,0.01130969,True
MANUAL BEACH CLEANING/WhatsApp_Image_2026-07-04_at_9_48_36_AM__jpeg.jpg,MANUAL BEACH CLEANING,MANUAL BEACH CLEANING,0.99602240,MECHANIZED BEACH CLEANING,0.00379870,SECONDARY VEHICLES,0.00006613,True
MANUAL BEACH CLEANING/WhatsApp_Image_2026-07-04_at_9_48_52_AM__jpeg.jpg,MANUAL BEACH CLEANING,MANUAL BEACH CLEANING,0.99999130,MECHANIZED BEACH CLEANING,0.00000818,ROAD SWEEPING,0.00000036,True
MANUAL BEACH CLEANING/WhatsApp_Image_2026-07-04_at_9_49_20_AM__jpeg.jpg,MANUAL BEACH CLEANING,MANUAL BEACH CLEANING,0.99610519,MECHANIZED BEACH CLEANING,0.00341800,SECONDARY VEHICLES,0.00043742,True
MANUAL BEACH CLEANING/WhatsApp_Image_2026-07-04_at_9_49_34_AM_1__jpeg.jpg,MANUAL BEACH CLEANING,MANUAL BEACH CLEANING,0.98913682,MECHANIZED BEACH CLEANING,0.01062033,ROAD SWEEPING,0.00021031,True
MANUAL BEACH CLEANING/WhatsApp_Image_2026-07-04_at_9_49_34_AM__jpeg.jpg,MANUAL BEACH CLEANING,MANUAL BEACH CLEANING,0.99260616,ROAD SWEEPING,0.00566604,MECHANIZED BEACH CLEANING,0.00162385,True
MANUAL BEACH CLEANING/WhatsApp_Image_2026-07-05_at_11_13_59_PM__jpeg.jpg,MANUAL BEACH CLEANING,MANUAL BEACH CLEANING,0.97440821,ROAD SWEEPING,0.01958459,LFC,0.00386662,True
MANUAL BEACH CLEANING/WhatsApp_Image_2026-07-05_at_11_30_38_AM_1__jpeg.jpg,MANUAL BEACH CLEANING,MANUAL BEACH CLEANING,0.99969172,MECHANIZED BEACH CLEANING,0.00027440,ROAD SWEEPING,0.00002585,True
MANUAL BEACH CLEANING/WhatsApp_Image_2026-07-05_at_12_34_06_AM_1__jpeg.jpg,MANUAL BEACH CLEANING,MANUAL BEACH CLEANING,0.99857485,MECHANIZED BEACH CLEANING,0.00136098,SECONDARY VEHICLES,0.00004347,True
MANUAL BEACH CLEANING/WhatsApp_Image_2026-07-05_at_12_34_07_AM__jpeg.jpg,MANUAL BEACH CLEANING,MANUAL BEACH CLEANING,0.99958712,ROAD SWEEPING,0.00018230,SECONDARY VEHICLES,0.00015269,True
MANUAL BEACH CLEANING/WhatsApp_Image_2026-07-05_at_1_41_05_AM_1__jpeg.jpg,MANUAL BEACH CLEANING,MANUAL BEACH CLEANING,0.99814630,MECHANIZED BEACH CLEANING,0.00177115,LFC,0.00003708,True
MANUAL BEACH CLEANING/WhatsApp_Image_2026-07-05_at_2_31_48_PM__jpeg.jpg,MANUAL BEACH CLEANING,MANUAL BEACH CLEANING,0.99996519,MECHANIZED BEACH CLEANING,0.00003295,GATE MEETING,0.00000169,True
MANUAL BEACH CLEANING/WhatsApp_Image_2026-07-05_at_3_27_31_PM__jpeg.jpg,MANUAL BEACH CLEANING,MANUAL BEACH CLEANING,0.99999332,MECHANIZED BEACH CLEANING,0.00000316,ROAD SWEEPING,0.00000312,True
MANUAL BEACH CLEANING/WhatsApp_Image_2026-07-05_at_3_44_26_PM__jpeg.jpg,MANUAL BEACH CLEANING,MANUAL BEACH CLEANING,0.98914891,ROAD SWEEPING,0.01073287,LFC,0.00004029,True
MANUAL BEACH CLEANING/WhatsApp_Image_2026-07-05_at_4_07_55_PM__jpeg.jpg,MANUAL BEACH CLEANING,MANUAL BEACH CLEANING,0.99805743,SECONDARY VEHICLES,0.00111559,MECHANIZED BEACH CLEANING,0.00079462,True
MANUAL BEACH CLEANING/WhatsApp_Image_2026-07-05_at_4_07_57_PM__jpeg.jpg,MANUAL BEACH CLEANING,MANUAL BEACH CLEANING,0.99994957,SECONDARY VEHICLES,0.00004024,MECHANIZED BEACH CLEANING,0.00000973,True
MANUAL BEACH CLEANING/WhatsApp_Image_2026-07-05_at_4_21_28_PM__jpeg.jpg,MANUAL BEACH CLEANING,MANUAL BEACH CLEANING,0.99952221,SECONDARY VEHICLES,0.00030725,MECHANIZED BEACH CLEANING,0.00015862,True
MANUAL BEACH CLEANING/WhatsApp_Image_2026-07-05_at_4_51_26_PM_1__jpeg.jpg,MANUAL BEACH CLEANING,MANUAL BEACH CLEANING,0.99999750,MECHANIZED BEACH CLEANING,0.00000129,ROAD SWEEPING,0.00000067,True
MANUAL BEACH CLEANING/WhatsApp_Image_2026-07-05_at_6_20_12_AM__jpeg.jpg,MANUAL BEACH CLEANING,MANUAL BEACH CLEANING,0.99998367,ROAD SWEEPING,0.00000890,GATE MEETING,0.00000391,True
MANUAL BEACH CLEANING/WhatsApp_Image_2026-07-05_at_6_20_15_AM_1__jpeg.jpg,MANUAL BEACH CLEANING,MANUAL BEACH CLEANING,0.99998760,GATE MEETING,0.00000550,MECHANIZED BEACH CLEANING,0.00000479,True
MANUAL BEACH CLEANING/WhatsApp_Image_2026-07-05_at_6_20_16_AM_1__jpeg.jpg,MANUAL BEACH CLEANING,MANUAL BEACH CLEANING,0.99999976,ROAD SWEEPING,0.00000015,MECHANIZED BEACH CLEANING,0.00000012,True
MANUAL BEACH CLEANING/WhatsApp_Image_2026-07-05_at_7_32_04_AM_1__jpeg.jpg,MANUAL BEACH CLEANING,MANUAL BEACH CLEANING,0.99943060,LFC,0.00016179,MECHANIZED BEACH CLEANING,0.00014321,True
MANUAL BEACH CLEANING/WhatsApp_Image_2026-07-05_at_8_24_34_AM__jpeg.jpg,MANUAL BEACH CLEANING,MANUAL BEACH CLEANING,0.99998736,SECONDARY VEHICLES,0.00000750,MECHANIZED BEACH CLEANING,0.00000465,True
MANUAL BEACH CLEANING/WhatsApp_Image_2026-07-05_at_8_24_36_AM_1__jpeg.jpg,MANUAL BEACH CLEANING,MANUAL BEACH CLEANING,0.99994421,SECONDARY VEHICLES,0.00003165,MECHANIZED BEACH CLEANING,0.00001985,True
MANUAL BEACH CLEANING/WhatsApp_Image_2026-07-05_at_8_26_01_AM_1__jpeg.jpg,MANUAL BEACH CLEANING,MANUAL BEACH CLEANING,0.95636684,LFC,0.04266730,ROAD SWEEPING,0.00060816,True
MANUAL BEACH CLEANING/WhatsApp_Image_2026-07-06_at_10_04_52_AM_1__jpeg.jpg,MANUAL BEACH CLEANING,MANUAL BEACH CLEANING,0.99107903,LFC,0.00535592,ROAD SWEEPING,0.00184485,True
MANUAL BEACH CLEANING/WhatsApp_Image_2026-07-06_at_12_26_11_PM_1__jpeg.jpg,MANUAL BEACH CLEANING,MANUAL BEACH CLEANING,0.99901259,ROAD SWEEPING,0.00097700,MECHANIZED BEACH CLEANING,0.00000342,True
MANUAL BEACH CLEANING/WhatsApp_Image_2026-07-06_at_1_37_30_AM__jpeg.jpg,MANUAL BEACH CLEANING,MANUAL BEACH CLEANING,0.99994755,GATE MEETING,0.00002105,ROAD SWEEPING,0.00001982,True
MANUAL BEACH CLEANING/WhatsApp_Image_2026-07-06_at_1_37_33_AM__jpeg.jpg,MANUAL BEACH CLEANING,MANUAL BEACH CLEANING,0.99850202,ROAD SWEEPING,0.00115398,LFC,0.00030057,True
MANUAL BEACH CLEANING/WhatsApp_Image_2026-07-06_at_3_56_48_PM__jpeg.jpg,MANUAL BEACH CLEANING,MANUAL BEACH CLEANING,0.99997795,MECHANIZED BEACH CLEANING,0.00002082,ROAD SWEEPING,0.00000059,True
MANUAL BEACH CLEANING/WhatsApp_Image_2026-07-06_at_5_43_12_PM_1__jpeg.jpg,MANUAL BEACH CLEANING,MANUAL BEACH CLEANING,0.98148525,MECHANIZED BEACH CLEANING,0.01471468,ROAD SWEEPING,0.00180131,True
MANUAL BEACH CLEANING/WhatsApp_Image_2026-07-06_at_5_43_12_PM__jpeg.jpg,MANUAL BEACH CLEANING,MANUAL BEACH CLEANING,0.99802989,ROAD SWEEPING,0.00146496,MECHANIZED BEACH CLEANING,0.00030962,True
MANUAL BEACH CLEANING/WhatsApp_Image_2026-07-06_at_5_43_13_PM__jpeg.jpg,MANUAL BEACH CLEANING,MANUAL BEACH CLEANING,0.94941121,MECHANIZED BEACH CLEANING,0.04686590,GATE MEETING,0.00170211,True
MANUAL BEACH CLEANING/WhatsApp_Image_2026-07-06_at_5_44_00_PM__jpeg.jpg,MANUAL BEACH CLEANING,MANUAL BEACH CLEANING,0.99778420,MECHANIZED BEACH CLEANING,0.00195708,SECONDARY VEHICLES,0.00017594,True
MANUAL BEACH CLEANING/WhatsApp_Image_2026-07-06_at_5_44_01_PM_1__jpeg.jpg,MANUAL BEACH CLEANING,MANUAL BEACH CLEANING,0.99910504,MECHANIZED BEACH CLEANING,0.00088411,SECONDARY VEHICLES,0.00000353,True
MANUAL BEACH CLEANING/WhatsApp_Image_2026-07-06_at_6_37_05_AM__jpeg.jpg,MANUAL BEACH CLEANING,MANUAL BEACH CLEANING,0.98178852,MECHANIZED BEACH CLEANING,0.01724708,LFC,0.00046410,True
MANUAL BEACH CLEANING/WhatsApp_Image_2026-07-06_at_6_37_06_AM__jpeg.jpg,MANUAL BEACH CLEANING,MANUAL BEACH CLEANING,0.99992526,ROAD SWEEPING,0.00003367,PRIMARY COLLECTION,0.00001690,True
MANUAL BEACH CLEANING/WhatsApp_Image_2026-07-06_at_7_04_08_AM__jpeg.jpg,MANUAL BEACH CLEANING,MANUAL BEACH CLEANING,0.99020034,ROAD SWEEPING,0.00748909,LFC,0.00193160,True
MANUAL BEACH CLEANING/WhatsApp_Image_2026-07-06_at_7_04_10_AM_1__jpeg.jpg,MANUAL BEACH CLEANING,MANUAL BEACH CLEANING,0.99782133,MECHANIZED BEACH CLEANING,0.00102215,LFC,0.00070372,True
MANUAL BEACH CLEANING/WhatsApp_Image_2026-07-06_at_7_33_50_PM_1__jpeg.jpg,MANUAL BEACH CLEANING,MANUAL BEACH CLEANING,0.99680686,SECONDARY VEHICLES,0.00244378,MECHANIZED BEACH CLEANING,0.00050814,True
MANUAL BEACH CLEANING/WhatsApp_Image_2026-07-06_at_7_33_51_PM_1__jpeg.jpg,MANUAL BEACH CLEANING,MANUAL BEACH CLEANING,0.99903226,SECONDARY VEHICLES,0.00082793,MECHANIZED BEACH CLEANING,0.00007318,True
MANUAL BEACH CLEANING/WhatsApp_Image_2026-07-06_at_8_55_33_AM_1__jpeg.jpg,MANUAL BEACH CLEANING,MANUAL BEACH CLEANING,0.99999928,MECHANIZED BEACH CLEANING,0.00000064,SECONDARY VEHICLES,0.00000012,True
MANUAL BEACH CLEANING/WhatsApp_Image_2026-07-06_at_9_13_15_AM_1__jpeg.jpg,MANUAL BEACH CLEANING,MANUAL BEACH CLEANING,0.98303396,ROAD SWEEPING,0.01028904,GATE MEETING,0.00606022,True
MANUAL BEACH CLEANING/WhatsApp_Image_2026-07-06_at_9_13_16_AM_2__jpeg.jpg,MANUAL BEACH CLEANING,MANUAL BEACH CLEANING,0.92560714,ROAD SWEEPING,0.06140058,GATE MEETING,0.00998701,True
MANUAL BEACH CLEANING/WhatsApp_Image_2026-07-06_at_9_52_27_AM_1__jpeg.jpg,MANUAL BEACH CLEANING,MANUAL BEACH CLEANING,0.99998152,ROAD SWEEPING,0.00001168,SECONDARY VEHICLES,0.00000225,True
MANUAL BEACH CLEANING/WhatsApp_Image_2026-07-06_at_9_52_28_AM_2__jpeg.jpg,MANUAL BEACH CLEANING,MANUAL BEACH CLEANING,0.99985349,MECHANIZED BEACH CLEANING,0.00010883,SECONDARY VEHICLES,0.00001264,True
MANUAL BEACH CLEANING/WhatsApp_Image_2026-07-07_at_10_17_53_PM__jpeg.jpg,MANUAL BEACH CLEANING,MANUAL BEACH CLEANING,0.99777478,ROAD SWEEPING,0.00142608,PRIMARY COLLECTION,0.00032974,True
MANUAL BEACH CLEANING/WhatsApp_Image_2026-07-07_at_10_17_58_PM__jpeg.jpg,MANUAL BEACH CLEANING,MANUAL BEACH CLEANING,0.99996209,ROAD SWEEPING,0.00002845,MECHANIZED BEACH CLEANING,0.00000536,True
MANUAL BEACH CLEANING/WhatsApp_Image_2026-07-07_at_10_50_01_AM__jpeg.jpg,MANUAL BEACH CLEANING,MANUAL BEACH CLEANING,0.99953234,MECHANIZED BEACH CLEANING,0.00042434,SECONDARY VEHICLES,0.00002404,True
MANUAL BEACH CLEANING/WhatsApp_Image_2026-07-07_at_11_19_37_AM_1__jpeg.jpg,MANUAL BEACH CLEANING,MANUAL BEACH CLEANING,0.99999368,MECHANIZED BEACH CLEANING,0.00000605,GATE MEETING,0.00000017,True
MANUAL BEACH CLEANING/WhatsApp_Image_2026-07-07_at_11_19_37_AM__jpeg.jpg,MANUAL BEACH CLEANING,MANUAL BEACH CLEANING,0.99997413,MECHANIZED BEACH CLEANING,0.00002370,SECONDARY VEHICLES,0.00000113,True
MANUAL BEACH CLEANING/WhatsApp_Image_2026-07-07_at_11_19_38_AM_1__jpeg.jpg,MANUAL BEACH CLEANING,MANUAL BEACH CLEANING,0.99994421,MECHANIZED BEACH CLEANING,0.00002546,ROAD SWEEPING,0.00000943,True
MANUAL BEACH CLEANING/WhatsApp_Image_2026-07-07_at_11_19_38_AM__jpeg.jpg,MANUAL BEACH CLEANING,MANUAL BEACH CLEANING,0.99999928,MECHANIZED BEACH CLEANING,0.00000025,ROAD SWEEPING,0.00000020,True
MANUAL BEACH CLEANING/WhatsApp_Image_2026-07-07_at_1_19_07_AM__jpeg.jpg,MANUAL BEACH CLEANING,MANUAL BEACH CLEANING,0.87100035,SECONDARY VEHICLES,0.10546812,MECHANIZED BEACH CLEANING,0.01588285,True
MANUAL BEACH CLEANING/WhatsApp_Image_2026-07-07_at_2_16_58_PM__jpeg.jpg,MANUAL BEACH CLEANING,MANUAL BEACH CLEANING,0.99993157,MECHANIZED BEACH CLEANING,0.00006684,GATE MEETING,0.00000078,True
MANUAL BEACH CLEANING/WhatsApp_Image_2026-07-07_at_3_23_59_PM_1__jpeg.jpg,MANUAL BEACH CLEANING,MANUAL BEACH CLEANING,0.99934381,ROAD SWEEPING,0.00060663,PRIMARY COLLECTION,0.00002687,True
MANUAL BEACH CLEANING/WhatsApp_Image_2026-07-07_at_4_01_15_PM_1__jpeg.jpg,MANUAL BEACH CLEANING,MANUAL BEACH CLEANING,0.99999917,MECHANIZED BEACH CLEANING,0.00000065,GATE MEETING,0.00000006,True
MANUAL BEACH CLEANING/WhatsApp_Image_2026-07-07_at_6_02_52_AM__jpeg.jpg,MANUAL BEACH CLEANING,MANUAL BEACH CLEANING,0.99999654,ROAD SWEEPING,0.00000279,MECHANIZED BEACH CLEANING,0.00000029,True
MANUAL BEACH CLEANING/WhatsApp_Image_2026-07-07_at_6_02_54_AM__jpeg.jpg,MANUAL BEACH CLEANING,MANUAL BEACH CLEANING,0.99999964,MECHANIZED BEACH CLEANING,0.00000025,ROAD SWEEPING,0.00000008,True
MANUAL BEACH CLEANING/WhatsApp_Image_2026-07-07_at_6_02_57_AM__jpeg.jpg,MANUAL BEACH CLEANING,MANUAL BEACH CLEANING,0.99999332,MECHANIZED BEACH CLEANING,0.00000416,ROAD SWEEPING,0.00000120,True
MANUAL BEACH CLEANING/WhatsApp_Image_2026-07-07_at_6_57_23_PM__jpeg.jpg,MANUAL BEACH CLEANING,MANUAL BEACH CLEANING,0.81807709,GATE MEETING,0.18098074,MECHANIZED BEACH CLEANING,0.00090347,True
MANUAL BEACH CLEANING/WhatsApp_Image_2026-07-07_at_7_14_02_PM_1__jpeg.jpg,MANUAL BEACH CLEANING,MANUAL BEACH CLEANING,0.99993718,MECHANIZED BEACH CLEANING,0.00003178,ROAD SWEEPING,0.00001384,True
MANUAL BEACH CLEANING/WhatsApp_Image_2026-07-07_at_7_14_03_PM__jpeg.jpg,MANUAL BEACH CLEANING,MANUAL BEACH CLEANING,0.99471766,PRIMARY COLLECTION,0.00427467,ROAD SWEEPING,0.00052449,True
MANUAL BEACH CLEANING/WhatsApp_Image_2026-07-07_at_7_55_37_AM_1__jpeg.jpg,MANUAL BEACH CLEANING,MANUAL BEACH CLEANING,0.99999940,ROAD SWEEPING,0.00000035,LFC,0.00000010,True
MANUAL BEACH CLEANING/WhatsApp_Image_2026-07-07_at_8_32_00_AM__jpeg.jpg,MANUAL BEACH CLEANING,MANUAL BEACH CLEANING,0.99999189,ROAD SWEEPING,0.00000525,MECHANIZED BEACH CLEANING,0.00000162,True
MANUAL BEACH CLEANING/WhatsApp_Image_2026-07-07_at_9_32_33_AM_2__jpeg.jpg,MANUAL BEACH CLEANING,MANUAL BEACH CLEANING,0.99998415,SECONDARY VEHICLES,0.00001181,ROAD SWEEPING,0.00000197,True
MANUAL BEACH CLEANING/WhatsApp_Image_2026-07-08_at_11_29_08_AM__jpeg.jpg,MANUAL BEACH CLEANING,MANUAL BEACH CLEANING,0.99925560,PRIMARY COLLECTION,0.00043087,ROAD SWEEPING,0.00012336,True
MANUAL BEACH CLEANING/WhatsApp_Image_2026-07-08_at_11_29_10_AM__jpeg.jpg,MANUAL BEACH CLEANING,MANUAL BEACH CLEANING,0.99934107,MECHANIZED BEACH CLEANING,0.00049769,LFC,0.00012297,True
MANUAL BEACH CLEANING/WhatsApp_Image_2026-07-08_at_2_16_34_PM_1__jpeg.jpg,MANUAL BEACH CLEANING,MANUAL BEACH CLEANING,0.99998438,MECHANIZED BEACH CLEANING,0.00001108,ROAD SWEEPING,0.00000292,True
MANUAL BEACH CLEANING/WhatsApp_Image_2026-07-08_at_3_43_53_PM_1__jpeg.jpg,MANUAL BEACH CLEANING,MANUAL BEACH CLEANING,0.99989057,MECHANIZED BEACH CLEANING,0.00009010,LFC,0.00000956,True
MANUAL BEACH CLEANING/WhatsApp_Image_2026-07-08_at_4_01_25_PM_1__jpeg.jpg,MANUAL BEACH CLEANING,MANUAL BEACH CLEANING,0.99975926,SECONDARY VEHICLES,0.00012255,MECHANIZED BEACH CLEANING,0.00009955,True
MANUAL BEACH CLEANING/WhatsApp_Image_2026-07-08_at_4_13_26_PM__jpeg.jpg,MANUAL BEACH CLEANING,MANUAL BEACH CLEANING,0.98174381,MECHANIZED BEACH CLEANING,0.00817022,LFC,0.00330208,True
MANUAL BEACH CLEANING/WhatsApp_Image_2026-07-08_at_5_40_30_AM__jpeg.jpg,MANUAL BEACH CLEANING,MANUAL BEACH CLEANING,0.99928659,MECHANIZED BEACH CLEANING,0.00030896,ROAD SWEEPING,0.00017790,True
MANUAL BEACH CLEANING/WhatsApp_Image_2026-07-08_at_5_42_58_AM_1__jpeg.jpg,MANUAL BEACH CLEANING,MANUAL BEACH CLEANING,0.99831128,ROAD SWEEPING,0.00090205,MECHANIZED BEACH CLEANING,0.00027005,True
MANUAL BEACH CLEANING/WhatsApp_Image_2026-07-08_at_5_48_58_AM__jpeg.jpg,MANUAL BEACH CLEANING,MANUAL BEACH CLEANING,0.99763012,MECHANIZED BEACH CLEANING,0.00081964,ROAD SWEEPING,0.00075390,True
MANUAL BEACH CLEANING/WhatsApp_Image_2026-07-08_at_8_00_05_AM_1__jpeg.jpg,MANUAL BEACH CLEANING,MANUAL BEACH CLEANING,0.99994731,MECHANIZED BEACH CLEANING,0.00002765,SECONDARY VEHICLES,0.00002423,True
MANUAL BEACH CLEANING/WhatsApp_Image_2026-07-08_at_8_00_06_AM_1__jpeg.jpg,MANUAL BEACH CLEANING,MANUAL BEACH CLEANING,0.99999583,MECHANIZED BEACH CLEANING,0.00000400,GATE MEETING,0.00000005,True
MANUAL BEACH CLEANING/WhatsApp_Image_2026-07-08_at_8_00_07_AM__jpeg.jpg,MANUAL BEACH CLEANING,MANUAL BEACH CLEANING,0.99997580,MECHANIZED BEACH CLEANING,0.00002344,ROAD SWEEPING,0.00000034,True
MANUAL BEACH CLEANING/WhatsApp_Image_2026-07-08_at_8_05_53_AM__jpeg.jpg,MANUAL BEACH CLEANING,MANUAL BEACH CLEANING,0.99996555,ROAD SWEEPING,0.00001919,MECHANIZED BEACH CLEANING,0.00000788,True
MANUAL BEACH CLEANING/WhatsApp_Image_2026-07-08_at_8_45_15_AM_1__jpeg.jpg,MANUAL BEACH CLEANING,MANUAL BEACH CLEANING,0.99985576,ROAD SWEEPING,0.00009853,MECHANIZED BEACH CLEANING,0.00003484,True
MANUAL BEACH CLEANING/WhatsApp_Image_2026-07-08_at_8_45_16_AM__jpeg.jpg,MANUAL BEACH CLEANING,MANUAL BEACH CLEANING,0.99981421,MECHANIZED BEACH CLEANING,0.00010628,ROAD SWEEPING,0.00004718,True
MANUAL BEACH CLEANING/WhatsApp_Image_2026-07-08_at_9_06_47_AM__jpeg.jpg,MANUAL BEACH CLEANING,MANUAL BEACH CLEANING,0.99754673,PRIMARY COLLECTION,0.00182029,ROAD SWEEPING,0.00025077,True
MANUAL BEACH CLEANING/WhatsApp_Image_2026-07-09_at_12_26_35_AM__jpeg.jpg,MANUAL BEACH CLEANING,MANUAL BEACH CLEANING,0.99993682,SECONDARY VEHICLES,0.00003972,ROAD SWEEPING,0.00001058,True
MANUAL BEACH CLEANING/WhatsApp_Image_2026-07-09_at_12_26_38_AM_2__jpeg.jpg,MANUAL BEACH CLEANING,MANUAL BEACH CLEANING,0.99996173,BIN WASHING,0.00001732,SECONDARY VEHICLES,0.00000885,True
MANUAL BEACH CLEANING/WhatsApp_Image_2026-07-09_at_12_26_38_AM__jpeg.jpg,MANUAL BEACH CLEANING,MANUAL BEACH CLEANING,0.99998689,MECHANIZED BEACH CLEANING,0.00000826,GATE MEETING,0.00000191,True
MANUAL BEACH CLEANING/WhatsApp_Image_2026-07-09_at_12_31_03_PM_1__jpeg.jpg,MANUAL BEACH CLEANING,MANUAL BEACH CLEANING,0.99977082,MECHANIZED BEACH CLEANING,0.00012753,GATE MEETING,0.00008744,True
MANUAL BEACH CLEANING/WhatsApp_Image_2026-07-09_at_12_40_08_PM_1__jpeg.jpg,MANUAL BEACH CLEANING,MANUAL BEACH CLEANING,0.99982977,MECHANIZED BEACH CLEANING,0.00007919,SECONDARY VEHICLES,0.00006955,True
MANUAL BEACH CLEANING/WhatsApp_Image_2026-07-09_at_1_23_04_PM__jpeg.jpg,MANUAL BEACH CLEANING,MANUAL BEACH CLEANING,0.99795169,MECHANIZED BEACH CLEANING,0.00154530,GATE MEETING,0.00040818,True
MANUAL BEACH CLEANING/WhatsApp_Image_2026-07-09_at_1_23_05_PM_2__jpeg.jpg,MANUAL BEACH CLEANING,MANUAL BEACH CLEANING,0.98459178,MECHANIZED BEACH CLEANING,0.01519156,SECONDARY VEHICLES,0.00015700,True
MANUAL BEACH CLEANING/WhatsApp_Image_2026-07-09_at_3_30_42_PM_2__jpeg.jpg,MANUAL BEACH CLEANING,MANUAL BEACH CLEANING,0.96841842,MECHANIZED BEACH CLEANING,0.03155214,GATE MEETING,0.00000979,True
MANUAL BEACH CLEANING/WhatsApp_Image_2026-07-09_at_3_30_44_PM_1__jpeg.jpg,MANUAL BEACH CLEANING,MANUAL BEACH CLEANING,0.73001426,MECHANIZED BEACH CLEANING,0.26797885,SECONDARY VEHICLES,0.00125223,True
MANUAL BEACH CLEANING/WhatsApp_Image_2026-07-09_at_3_51_42_PM__jpeg.jpg,MANUAL BEACH CLEANING,MANUAL BEACH CLEANING,0.99984670,ROAD SWEEPING,0.00005283,MECHANIZED BEACH CLEANING,0.00004262,True
MANUAL BEACH CLEANING/WhatsApp_Image_2026-07-09_at_6_35_47_AM__jpeg.jpg,MANUAL BEACH CLEANING,MANUAL BEACH CLEANING,0.99999630,ROAD SWEEPING,0.00000213,MECHANIZED BEACH CLEANING,0.00000066,True
MANUAL BEACH CLEANING/image1004__jpeg.jpg,MANUAL BEACH CLEANING,MANUAL BEACH CLEANING,0.98447257,BIN WASHING,0.01482081,SECONDARY VEHICLES,0.00036904,True
MANUAL BEACH CLEANING/image1010__jpeg.jpg,MANUAL BEACH CLEANING,MANUAL BEACH CLEANING,0.99998701,MECHANIZED BEACH CLEANING,0.00000769,ROAD SWEEPING,0.00000471,True
MANUAL BEACH CLEANING/image1014__jpeg.jpg,MANUAL BEACH CLEANING,MANUAL BEACH CLEANING,0.99998677,ROAD SWEEPING,0.00001133,BIN WASHING,0.00000098,True
MANUAL BEACH CLEANING/image1017__jpeg.jpg,MANUAL BEACH CLEANING,MANUAL BEACH CLEANING,0.99990880,ROAD SWEEPING,0.00007264,LFC,0.00001745,True
MANUAL BEACH CLEANING/image1022__jpeg.jpg,MANUAL BEACH CLEANING,MANUAL BEACH CLEANING,0.99997258,MECHANIZED BEACH CLEANING,0.00002455,BIN WASHING,0.00000101,True
MANUAL BEACH CLEANING/image1024__jpeg.jpg,MANUAL BEACH CLEANING,MANUAL BEACH CLEANING,0.99989462,SECONDARY VEHICLES,0.00007987,MECHANIZED BEACH CLEANING,0.00001275,True
MANUAL BEACH CLEANING/image1031__jpeg.jpg,MANUAL BEACH CLEANING,MANUAL BEACH CLEANING,0.99993336,SECONDARY VEHICLES,0.00005350,MECHANIZED BEACH CLEANING,0.00000762,True
MANUAL BEACH CLEANING/image1046__jpeg.jpg,MANUAL BEACH CLEANING,MANUAL BEACH CLEANING,0.99999332,MECHANIZED BEACH CLEANING,0.00000332,ROAD SWEEPING,0.00000266,True
MANUAL BEACH CLEANING/image1050__jpeg.jpg,MANUAL BEACH CLEANING,MANUAL BEACH CLEANING,0.99993324,MECHANIZED BEACH CLEANING,0.00006438,SECONDARY VEHICLES,0.00000097,True
MANUAL BEACH CLEANING/image1054__jpeg.jpg,MANUAL BEACH CLEANING,MANUAL BEACH CLEANING,0.99999881,ROAD SWEEPING,0.00000053,MECHANIZED BEACH CLEANING,0.00000044,True
MANUAL BEACH CLEANING/image1062__jpeg.jpg,MANUAL BEACH CLEANING,MANUAL BEACH CLEANING,0.99997795,SECONDARY VEHICLES,0.00000990,MECHANIZED BEACH CLEANING,0.00000677,True
MANUAL BEACH CLEANING/image1068__jpeg.jpg,MANUAL BEACH CLEANING,MANUAL BEACH CLEANING,0.99996877,SECONDARY VEHICLES,0.00002534,MECHANIZED BEACH CLEANING,0.00000454,True
MANUAL BEACH CLEANING/image1074__jpeg.jpg,MANUAL BEACH CLEANING,MANUAL BEACH CLEANING,0.99999785,ROAD SWEEPING,0.00000117,SECONDARY VEHICLES,0.00000044,True
MANUAL BEACH CLEANING/image1077__jpeg.jpg,MANUAL BEACH CLEANING,MANUAL BEACH CLEANING,0.99995732,ROAD SWEEPING,0.00001694,LFC,0.00001180,True
MANUAL BEACH CLEANING/image1086__jpeg.jpg,MANUAL BEACH CLEANING,MANUAL BEACH CLEANING,0.99999368,ROAD SWEEPING,0.00000402,MECHANIZED BEACH CLEANING,0.00000201,True
MANUAL BEACH CLEANING/image1088__jpeg.jpg,MANUAL BEACH CLEANING,MANUAL BEACH CLEANING,0.99995720,ROAD SWEEPING,0.00003766,MECHANIZED BEACH CLEANING,0.00000323,True
MANUAL BEACH CLEANING/image1094__jpeg.jpg,MANUAL BEACH CLEANING,MANUAL BEACH CLEANING,0.99999940,MECHANIZED BEACH CLEANING,0.00000050,SECONDARY VEHICLES,0.00000012,True
MANUAL BEACH CLEANING/image1103__jpeg.jpg,MANUAL BEACH CLEANING,MANUAL BEACH CLEANING,0.99944156,SECONDARY VEHICLES,0.00052104,MECHANIZED BEACH CLEANING,0.00002124,True
MANUAL BEACH CLEANING/image1113__jpeg.jpg,MANUAL BEACH CLEANING,MANUAL BEACH CLEANING,0.99998164,MECHANIZED BEACH CLEANING,0.00001199,SECONDARY VEHICLES,0.00000597,True
MANUAL BEACH CLEANING/image1116__jpeg.jpg,MANUAL BEACH CLEANING,MANUAL BEACH CLEANING,0.99999249,ROAD SWEEPING,0.00000375,MECHANIZED BEACH CLEANING,0.00000163,True
MANUAL BEACH CLEANING/image1126__jpeg.jpg,MANUAL BEACH CLEANING,MANUAL BEACH CLEANING,0.99999607,SECONDARY VEHICLES,0.00000221,ROAD SWEEPING,0.00000140,True
MANUAL BEACH CLEANING/image1129__jpeg.jpg,MANUAL BEACH CLEANING,MANUAL BEACH CLEANING,0.97547525,ROAD SWEEPING,0.02432341,SECONDARY VEHICLES,0.00007115,True
MANUAL BEACH CLEANING/image1131__jpeg.jpg,MANUAL BEACH CLEANING,MANUAL BEACH CLEANING,0.99992824,MECHANIZED BEACH CLEANING,0.00004433,SECONDARY VEHICLES,0.00002252,True
MANUAL BEACH CLEANING/image1140__jpeg.jpg,MANUAL BEACH CLEANING,MANUAL BEACH CLEANING,0.99982977,MECHANIZED BEACH CLEANING,0.00005581,ROAD SWEEPING,0.00004615,True
MANUAL BEACH CLEANING/image1142__jpeg.jpg,MANUAL BEACH CLEANING,MANUAL BEACH CLEANING,0.99989390,ROAD SWEEPING,0.00008734,BIN WASHING,0.00001199,True
MANUAL BEACH CLEANING/image1144__jpeg.jpg,MANUAL BEACH CLEANING,MANUAL BEACH CLEANING,0.99881387,SECONDARY VEHICLES,0.00112970,MECHANIZED BEACH CLEANING,0.00004068,True
MANUAL BEACH CLEANING/image1147__jpeg.jpg,MANUAL BEACH CLEANING,MANUAL BEACH CLEANING,0.99692148,SECONDARY VEHICLES,0.00116756,PRIMARY COLLECTION,0.00099476,True
MANUAL BEACH CLEANING/image1155__jpeg.jpg,MANUAL BEACH CLEANING,MANUAL BEACH CLEANING,0.93613756,ROAD SWEEPING,0.03514403,BIN WASHING,0.02782704,True
MANUAL BEACH CLEANING/image1156__jpeg.jpg,MANUAL BEACH CLEANING,MANUAL BEACH CLEANING,0.99999487,MECHANIZED BEACH CLEANING,0.00000302,SECONDARY VEHICLES,0.00000139,True
MANUAL BEACH CLEANING/image1161__jpeg.jpg,MANUAL BEACH CLEANING,MANUAL BEACH CLEANING,0.99999714,SECONDARY VEHICLES,0.00000151,MECHANIZED BEACH CLEANING,0.00000104,True
MANUAL BEACH CLEANING/image996__jpeg.jpg,MANUAL BEACH CLEANING,MANUAL BEACH CLEANING,0.99878222,SECONDARY VEHICLES,0.00083765,MECHANIZED BEACH CLEANING,0.00036154,True
MECHANICAL SWEEPING/WhatsApp_Image_2025-12-20_at_12_59_30_PM__jpeg.jpg,MECHANICAL SWEEPING,MECHANICAL SWEEPING,0.43030691,BIN WASHING,0.20245160,SECONDARY VEHICLES,0.12919231,True
MECHANICAL SWEEPING/WhatsApp_Image_2025-12-20_at_4_44_01_PM_3__jpeg.jpg,MECHANICAL SWEEPING,MECHANICAL SWEEPING,0.99991310,BIN LIFTING,0.00004583,SECONDARY VEHICLES,0.00003020,True
MECHANICAL SWEEPING/WhatsApp_Image_2025-12-20_at_4_44_05_PM_2__jpeg.jpg,MECHANICAL SWEEPING,MECHANICAL SWEEPING,0.99953127,PRIMARY COLLECTION,0.00041582,ROAD SWEEPING,0.00002147,True
MECHANICAL SWEEPING/WhatsApp_Image_2025-12-21_at_4_27_30_PM__jpeg.jpg,MECHANICAL SWEEPING,MECHANICAL SWEEPING,0.99970216,BIN WASHING,0.00017967,ROAD SWEEPING,0.00004567,True
MECHANICAL SWEEPING/WhatsApp_Image_2025-12-24_at_11_29_29_AM__jpeg.jpg,MECHANICAL SWEEPING,MECHANICAL SWEEPING,0.99950743,BIN WASHING,0.00026311,SECONDARY VEHICLES,0.00019738,True
MECHANICAL SWEEPING/WhatsApp_Image_2025-12-24_at_12_56_33_PM_1__jpeg.jpg,MECHANICAL SWEEPING,MECHANICAL SWEEPING,0.99996960,BIN WASHING,0.00001128,ROAD SWEEPING,0.00001004,True
MECHANICAL SWEEPING/WhatsApp_Image_2025-12-24_at_2_56_10_PM_4__jpeg.jpg,MECHANICAL SWEEPING,MECHANICAL SWEEPING,0.99947149,ROAD SWEEPING,0.00026027,BIN WASHING,0.00014740,True
MECHANICAL SWEEPING/WhatsApp_Image_2026-07-03_at_12_31_51_AM__jpeg.jpg,MECHANICAL SWEEPING,MECHANICAL SWEEPING,0.99995279,BIN WASHING,0.00001891,PRIMARY COLLECTION,0.00001167,True
MECHANICAL SWEEPING/WhatsApp_Image_2026-07-03_at_12_31_53_AM__jpeg.jpg,MECHANICAL SWEEPING,MECHANICAL SWEEPING,0.99956244,BIN LIFTING,0.00018333,SECONDARY VEHICLES,0.00013492,True
MECHANICAL SWEEPING/WhatsApp_Image_2026-07-04_at_12_58_29_AM__jpeg.jpg,MECHANICAL SWEEPING,MECHANICAL SWEEPING,0.99996257,PRIMARY COLLECTION,0.00001332,ROAD SWEEPING,0.00001166,True
MECHANICAL SWEEPING/WhatsApp_Image_2026-07-05_at_11_05_02_PM__jpeg.jpg,MECHANICAL SWEEPING,MECHANICAL SWEEPING,0.91328722,ROAD SWEEPING,0.08655035,SECONDARY VEHICLES,0.00006447,True
MECHANICAL SWEEPING/WhatsApp_Image_2026-07-05_at_12_36_57_AM__jpeg.jpg,MECHANICAL SWEEPING,MECHANICAL SWEEPING,0.99994695,SECONDARY VEHICLES,0.00002411,BIN LIFTING,0.00002093,True
MECHANICAL SWEEPING/WhatsApp_Image_2026-07-06_at_9_24_50_AM__jpeg.jpg,MECHANICAL SWEEPING,ROAD SWEEPING,0.98580199,MECHANICAL SWEEPING,0.00985136,LFC,0.00386433,False
MECHANICAL SWEEPING/WhatsApp_Image_2026-07-08_at_4_05_58_AM__jpeg.jpg,MECHANICAL SWEEPING,MECHANICAL SWEEPING,0.99928766,ROAD SWEEPING,0.00028363,BIN WASHING,0.00018075,True
MECHANICAL SWEEPING/WhatsApp_Image_2026-07-08_at_4_06_01_AM_1__jpeg.jpg,MECHANICAL SWEEPING,MECHANICAL SWEEPING,0.99999321,SECONDARY VEHICLES,0.00000430,BIN WASHING,0.00000069,True
MECHANICAL SWEEPING/WhatsApp_Image_2026-07-08_at_4_06_02_AM__jpeg.jpg,MECHANICAL SWEEPING,MECHANICAL SWEEPING,0.99962854,SECONDARY VEHICLES,0.00031122,ROAD SWEEPING,0.00002029,True
MECHANICAL SWEEPING/WhatsApp_Image_2026-07-09_at_12_32_52_AM__jpeg.jpg,MECHANICAL SWEEPING,MECHANICAL SWEEPING,0.99940860,BIN WASHING,0.00025895,BIN LIFTING,0.00020413,True
MECHANICAL SWEEPING/WhatsApp_Image_2026-07-09_at_12_32_55_AM__jpeg.jpg,MECHANICAL SWEEPING,MECHANICAL SWEEPING,0.99997258,BIN LIFTING,0.00001283,BIN WASHING,0.00000689,True
MECHANICAL SWEEPING/image491__jpeg.jpg,MECHANICAL SWEEPING,SECONDARY VEHICLES,0.40933183,MECHANICAL SWEEPING,0.28862420,MECHANIZED BEACH CLEANING,0.23363146,False
MECHANICAL SWEEPING/image496__jpeg.jpg,MECHANICAL SWEEPING,MECHANICAL SWEEPING,0.99999940,SECONDARY VEHICLES,0.00000013,BIN LIFTING,0.00000011,True
MECHANICAL SWEEPING/image498__jpeg.jpg,MECHANICAL SWEEPING,MECHANICAL SWEEPING,0.99997723,ROAD SWEEPING,0.00001599,SECONDARY VEHICLES,0.00000305,True
MECHANICAL SWEEPING/image506__jpeg.jpg,MECHANICAL SWEEPING,MECHANICAL SWEEPING,0.99980551,MECHANIZED BEACH CLEANING,0.00006396,ROAD SWEEPING,0.00005321,True
MECHANICAL SWEEPING/image511__jpeg.jpg,MECHANICAL SWEEPING,MECHANICAL SWEEPING,0.99931729,BIN LIFTING,0.00061831,BIN WASHING,0.00002814,True
MECHANICAL SWEEPING/image517__jpeg.jpg,MECHANICAL SWEEPING,MECHANICAL SWEEPING,0.99861252,PRIMARY COLLECTION,0.00086188,BIN WASHING,0.00022772,True
MECHANICAL SWEEPING/image518__jpeg.jpg,MECHANICAL SWEEPING,MECHANICAL SWEEPING,0.99775010,BIN LIFTING,0.00140283,BIN WASHING,0.00028226,True
MECHANICAL SWEEPING/image529__jpeg.jpg,MECHANICAL SWEEPING,MECHANICAL SWEEPING,0.99987102,MECHANIZED BEACH CLEANING,0.00004311,SECONDARY VEHICLES,0.00003200,True
MECHANICAL SWEEPING/image546__jpeg.jpg,MECHANICAL SWEEPING,MECHANICAL SWEEPING,0.99999678,BIN WASHING,0.00000182,PRIMARY COLLECTION,0.00000094,True
MECHANIZED BEACH CLEANING/WhatsApp_Image_2026-07-01_at_8_25_34_AM__jpeg.jpg,MECHANIZED BEACH CLEANING,MECHANIZED BEACH CLEANING,0.94420320,SECONDARY VEHICLES,0.05480142,MANUAL BEACH CLEANING,0.00092751,True
MECHANIZED BEACH CLEANING/WhatsApp_Image_2026-07-02_at_7_13_00_AM_1__jpeg.jpg,MECHANIZED BEACH CLEANING,MECHANIZED BEACH CLEANING,0.99973410,SECONDARY VEHICLES,0.00008322,MANUAL BEACH CLEANING,0.00006838,True
MECHANIZED BEACH CLEANING/WhatsApp_Image_2026-07-02_at_7_13_05_AM__jpeg.jpg,MECHANIZED BEACH CLEANING,MECHANIZED BEACH CLEANING,0.99987674,BIN WASHING,0.00003601,SECONDARY VEHICLES,0.00002777,True
MECHANIZED BEACH CLEANING/WhatsApp_Image_2026-07-02_at_8_14_25_AM__jpeg.jpg,MECHANIZED BEACH CLEANING,MECHANIZED BEACH CLEANING,0.99982554,MECHANICAL SWEEPING,0.00012867,LFC,0.00001373,True
MECHANIZED BEACH CLEANING/WhatsApp_Image_2026-07-02_at_8_14_27_AM__jpeg.jpg,MECHANIZED BEACH CLEANING,MECHANIZED BEACH CLEANING,0.99726653,SECONDARY VEHICLES,0.00217287,MANUAL BEACH CLEANING,0.00026934,True
MECHANIZED BEACH CLEANING/WhatsApp_Image_2026-07-03_at_10_43_43_AM__jpeg.jpg,MECHANIZED BEACH CLEANING,MECHANIZED BEACH CLEANING,0.99797422,SECONDARY VEHICLES,0.00143338,LFC,0.00045127,True
MECHANIZED BEACH CLEANING/WhatsApp_Image_2026-07-03_at_10_43_45_AM_1__jpeg.jpg,MECHANIZED BEACH CLEANING,MECHANIZED BEACH CLEANING,0.99310935,SECONDARY VEHICLES,0.00682050,MANUAL BEACH CLEANING,0.00004029,True
MECHANIZED BEACH CLEANING/WhatsApp_Image_2026-07-04_at_7_48_54_AM_1__jpeg.jpg,MECHANIZED BEACH CLEANING,MECHANIZED BEACH CLEANING,0.95449013,SECONDARY VEHICLES,0.04502313,LFC,0.00022625,True
MECHANIZED BEACH CLEANING/WhatsApp_Image_2026-07-04_at_9_49_07_AM__jpeg.jpg,MECHANIZED BEACH CLEANING,MECHANIZED BEACH CLEANING,0.99947029,SECONDARY VEHICLES,0.00052745,MANUAL BEACH CLEANING,0.00000118,True
MECHANIZED BEACH CLEANING/WhatsApp_Image_2026-07-05_at_8_03_13_AM__jpeg.jpg,MECHANIZED BEACH CLEANING,MECHANIZED BEACH CLEANING,0.99882120,SECONDARY VEHICLES,0.00112222,BIN WASHING,0.00001654,True
MECHANIZED BEACH CLEANING/WhatsApp_Image_2026-07-06_at_7_41_52_AM__jpeg.jpg,MECHANIZED BEACH CLEANING,MECHANIZED BEACH CLEANING,0.99701071,BIN LIFTING,0.00104375,MECHANICAL SWEEPING,0.00078173,True
MECHANIZED BEACH CLEANING/WhatsApp_Image_2026-07-07_at_7_33_23_AM__jpeg.jpg,MECHANIZED BEACH CLEANING,MECHANIZED BEACH CLEANING,0.98835528,SECONDARY VEHICLES,0.01033364,MANUAL BEACH CLEANING,0.00084584,True
MECHANIZED BEACH CLEANING/WhatsApp_Image_2026-07-08_at_7_25_46_AM__jpeg.jpg,MECHANIZED BEACH CLEANING,MECHANIZED BEACH CLEANING,0.99415296,SECONDARY VEHICLES,0.00511768,PRIMARY COLLECTION,0.00036620,True
MECHANIZED BEACH CLEANING/WhatsApp_Image_2026-07-08_at_7_25_47_AM_1__jpeg.jpg,MECHANIZED BEACH CLEANING,MECHANIZED BEACH CLEANING,0.96531618,SECONDARY VEHICLES,0.03203893,PRIMARY COLLECTION,0.00076634,True
MECHANIZED BEACH CLEANING/WhatsApp_Image_2026-07-08_at_7_48_41_AM_2__jpeg.jpg,MECHANIZED BEACH CLEANING,MECHANIZED BEACH CLEANING,0.99897999,SECONDARY VEHICLES,0.00087877,LFC,0.00013276,True
MECHANIZED BEACH CLEANING/WhatsApp_Image_2026-07-09_at_4_10_50_PM__jpeg.jpg,MECHANIZED BEACH CLEANING,MANUAL BEACH CLEANING,0.95695937,MECHANIZED BEACH CLEANING,0.04283245,SECONDARY VEHICLES,0.00008644,False
MECHANIZED BEACH CLEANING/WhatsApp_Image_2026-07-09_at_8_24_04_AM_1__jpeg.jpg,MECHANIZED BEACH CLEANING,MECHANIZED BEACH CLEANING,0.85124576,SECONDARY VEHICLES,0.14767827,BIN LIFTING,0.00063525,True
MECHANIZED BEACH CLEANING/WhatsApp_Image_2026-07-09_at_8_24_07_AM_1__jpeg.jpg,MECHANIZED BEACH CLEANING,MECHANIZED BEACH CLEANING,0.90535772,SECONDARY VEHICLES,0.09452901,MANUAL BEACH CLEANING,0.00006766,True
MECHANIZED BEACH CLEANING/image548__jpeg.jpg,MECHANIZED BEACH CLEANING,MECHANIZED BEACH CLEANING,0.99168593,SECONDARY VEHICLES,0.00812142,LFC,0.00017007,True
MECHANIZED BEACH CLEANING/image556__jpeg.jpg,MECHANIZED BEACH CLEANING,MECHANIZED BEACH CLEANING,0.99171633,SECONDARY VEHICLES,0.00612487,MANUAL BEACH CLEANING,0.00210677,True
MECHANIZED BEACH CLEANING/image557__jpeg.jpg,MECHANIZED BEACH CLEANING,MECHANIZED BEACH CLEANING,0.99955088,SECONDARY VEHICLES,0.00022729,BIN LIFTING,0.00009269,True
MECHANIZED BEACH CLEANING/image559__jpeg.jpg,MECHANIZED BEACH CLEANING,MECHANIZED BEACH CLEANING,0.94759560,SECONDARY VEHICLES,0.05115276,BIN LIFTING,0.00040888,True
MECHANIZED BEACH CLEANING/image561__jpeg.jpg,MECHANIZED BEACH CLEANING,MECHANIZED BEACH CLEANING,0.99960619,LFC,0.00011007,BIN WASHING,0.00007420,True
MECHANIZED BEACH CLEANING/image563__jpeg.jpg,MECHANIZED BEACH CLEANING,MECHANIZED BEACH CLEANING,0.97936046,MANUAL BEACH CLEANING,0.02058331,GATE MEETING,0.00002544,True
MECHANIZED BEACH CLEANING/image578__jpeg.jpg,MECHANIZED BEACH CLEANING,MECHANIZED BEACH CLEANING,0.99956316,SECONDARY VEHICLES,0.00033022,BIN LIFTING,0.00004655,True
MECHANIZED BEACH CLEANING/image582__jpeg.jpg,MECHANIZED BEACH CLEANING,MECHANIZED BEACH CLEANING,0.99941349,MANUAL BEACH CLEANING,0.00055104,SECONDARY VEHICLES,0.00003374,True
MECHANIZED BEACH CLEANING/image595__jpeg.jpg,MECHANIZED BEACH CLEANING,MECHANIZED BEACH CLEANING,0.99523062,SECONDARY VEHICLES,0.00451483,LFC,0.00017606,True
MECHANIZED BEACH CLEANING/image614__jpeg.jpg,MECHANIZED BEACH CLEANING,MECHANIZED BEACH CLEANING,0.96633500,BIN WASHING,0.02355282,SECONDARY VEHICLES,0.00525912,True
MECHANIZED BEACH CLEANING/image624__jpeg.jpg,MECHANIZED BEACH CLEANING,MECHANIZED BEACH CLEANING,0.99548507,MANUAL BEACH CLEANING,0.00390390,SECONDARY VEHICLES,0.00032086,True
MECHANIZED BEACH CLEANING/image637__jpeg.jpg,MECHANIZED BEACH CLEANING,MECHANIZED BEACH CLEANING,0.99418348,LFC,0.00429022,SECONDARY VEHICLES,0.00095309,True
MECHANIZED BEACH CLEANING/image641__jpeg.jpg,MECHANIZED BEACH CLEANING,MECHANIZED BEACH CLEANING,0.99828988,MANUAL BEACH CLEANING,0.00166209,MECHANICAL SWEEPING,0.00002724,True
PRIMARY COLLECTION/WhatsApp_Image_2026-07-08_at_8_02_40_AM_1__jpeg.jpg,PRIMARY COLLECTION,PRIMARY COLLECTION,0.97978926,LFC,0.01441035,SECONDARY VEHICLES,0.00296320,True
PRIMARY COLLECTION/image26__jpeg.jpg,PRIMARY COLLECTION,PRIMARY COLLECTION,0.99693990,BIN WASHING,0.00090514,LFC,0.00090105,True
PRIMARY COLLECTION/image33__png.jpg,PRIMARY COLLECTION,PRIMARY COLLECTION,0.99977642,ROAD SWEEPING,0.00010615,LFC,0.00007290,True
PRIMARY COLLECTION/image41__png.jpg,PRIMARY COLLECTION,PRIMARY COLLECTION,0.99942696,LFC,0.00030247,BIN WASHING,0.00010610,True
PRIMARY COLLECTION/image43__png.jpg,PRIMARY COLLECTION,PRIMARY COLLECTION,0.98856944,MECHANICAL SWEEPING,0.00861210,GATE MEETING,0.00076848,True
PRIMARY COLLECTION/image48__png.jpg,PRIMARY COLLECTION,PRIMARY COLLECTION,0.96752810,ROAD SWEEPING,0.02656915,BIN WASHING,0.00285890,True
PRIMARY COLLECTION/image51__png.jpg,PRIMARY COLLECTION,PRIMARY COLLECTION,0.99489009,GATE MEETING,0.00256610,BIN WASHING,0.00185740,True
PRIMARY COLLECTION/image54__png.jpg,PRIMARY COLLECTION,PRIMARY COLLECTION,0.99990785,GATE MEETING,0.00004890,BIN WASHING,0.00001422,True
PRIMARY COLLECTION/image56__png.jpg,PRIMARY COLLECTION,PRIMARY COLLECTION,0.98648781,LFC,0.00635216,ROAD SWEEPING,0.00224894,True
PRIMARY COLLECTION/image68__png.jpg,PRIMARY COLLECTION,MANUAL BEACH CLEANING,0.45500827,PRIMARY COLLECTION,0.42475852,ROAD SWEEPING,0.07768288,False
PRIMARY COLLECTION/image72__png.jpg,PRIMARY COLLECTION,PRIMARY COLLECTION,0.99729258,MANUAL BEACH CLEANING,0.00248140,LFC,0.00009480,True
PRIMARY COLLECTION/image73__png.jpg,PRIMARY COLLECTION,PRIMARY COLLECTION,0.99844128,ROAD SWEEPING,0.00080278,LFC,0.00030827,True
PRIMARY COLLECTION/image83__png.jpg,PRIMARY COLLECTION,PRIMARY COLLECTION,0.98119259,GATE MEETING,0.01271938,ROAD SWEEPING,0.00452745,True
PRIMARY COLLECTION/image86__png.jpg,PRIMARY COLLECTION,PRIMARY COLLECTION,0.99998069,ROAD SWEEPING,0.00001436,LFC,0.00000259,True
PRIMARY COLLECTION/image94__png.jpg,PRIMARY COLLECTION,PRIMARY COLLECTION,0.83881086,BIN LIFTING,0.10554779,BIN WASHING,0.03487060,True
PRIMARY COLLECTION/image95__png.jpg,PRIMARY COLLECTION,PRIMARY COLLECTION,0.85891914,LFC,0.07755625,MECHANICAL SWEEPING,0.02855190,True
ROAD SWEEPING/WhatsApp_Image_2026-07-01_at_11_51_18_PM__jpeg.jpg,ROAD SWEEPING,ROAD SWEEPING,0.99166471,MANUAL BEACH CLEANING,0.00817283,LFC,0.00014457,True
ROAD SWEEPING/WhatsApp_Image_2026-07-01_at_1_52_41_AM_1__jpeg.jpg,ROAD SWEEPING,ROAD SWEEPING,0.93204838,BIN WASHING,0.04044219,LFC,0.02038007,True
ROAD SWEEPING/WhatsApp_Image_2026-07-01_at_1_52_41_AM__jpeg.jpg,ROAD SWEEPING,ROAD SWEEPING,0.99996209,MANUAL BEACH CLEANING,0.00001938,LFC,0.00001783,True
ROAD SWEEPING/WhatsApp_Image_2026-07-01_at_5_59_37_AM_1__jpeg.jpg,ROAD SWEEPING,ROAD SWEEPING,0.99996400,LFC,0.00003557,BIN WASHING,0.00000019,True
ROAD SWEEPING/WhatsApp_Image_2026-07-01_at_6_52_55_AM_1__jpeg.jpg,ROAD SWEEPING,ROAD SWEEPING,0.99830925,LFC,0.00155426,PRIMARY COLLECTION,0.00007766,True
ROAD SWEEPING/WhatsApp_Image_2026-07-01_at_6_52_55_AM__jpeg.jpg,ROAD SWEEPING,ROAD SWEEPING,0.99943990,LFC,0.00042108,BIN WASHING,0.00006391,True
ROAD SWEEPING/WhatsApp_Image_2026-07-02_at_12_37_24_AM__jpeg.jpg,ROAD SWEEPING,ROAD SWEEPING,0.98732740,MANUAL BEACH CLEANING,0.01252660,LFC,0.00007223,True
ROAD SWEEPING/WhatsApp_Image_2026-07-02_at_12_45_51_AM__jpeg.jpg,ROAD SWEEPING,ROAD SWEEPING,0.99548125,LFC,0.00237311,GATE MEETING,0.00174450,True
ROAD SWEEPING/WhatsApp_Image_2026-07-02_at_2_14_51_AM__jpeg.jpg,ROAD SWEEPING,ROAD SWEEPING,0.94528359,GATE MEETING,0.04038304,LFC,0.00787276,True
ROAD SWEEPING/WhatsApp_Image_2026-07-02_at_5_28_21_AM__jpeg.jpg,ROAD SWEEPING,ROAD SWEEPING,0.99923503,LFC,0.00059616,MECHANICAL SWEEPING,0.00004647,True
ROAD SWEEPING/WhatsApp_Image_2026-07-02_at_5_28_22_AM__jpeg.jpg,ROAD SWEEPING,ROAD SWEEPING,0.98121017,LFC,0.01424126,MECHANICAL SWEEPING,0.00417679,True
ROAD SWEEPING/WhatsApp_Image_2026-07-02_at_7_17_00_AM_1__jpeg.jpg,ROAD SWEEPING,BIN WASHING,0.87338722,GATE MEETING,0.05178215,ROAD SWEEPING,0.04729309,False
ROAD SWEEPING/WhatsApp_Image_2026-07-02_at_8_09_40_AM__jpeg.jpg,ROAD SWEEPING,LFC,0.92824692,ROAD SWEEPING,0.05375725,PRIMARY COLLECTION,0.01679261,False
ROAD SWEEPING/WhatsApp_Image_2026-07-03_at_11_31_56_AM__jpeg.jpg,ROAD SWEEPING,ROAD SWEEPING,0.99984503,LFC,0.00005151,MANUAL BEACH CLEANING,0.00004409,True
ROAD SWEEPING/WhatsApp_Image_2026-07-03_at_11_31_59_AM_1__jpeg.jpg,ROAD SWEEPING,ROAD SWEEPING,0.96748561,GATE MEETING,0.02133673,LFC,0.00523883,True
ROAD SWEEPING/WhatsApp_Image_2026-07-03_at_1_29_13_AM__jpeg.jpg,ROAD SWEEPING,ROAD SWEEPING,0.98966390,LFC,0.00981172,MANUAL BEACH CLEANING,0.00023918,True
ROAD SWEEPING/WhatsApp_Image_2026-07-03_at_1_35_36_AM_2__jpeg.jpg,ROAD SWEEPING,ROAD SWEEPING,0.99560791,LFC,0.00404251,GATE MEETING,0.00028567,True
ROAD SWEEPING/WhatsApp_Image_2026-07-03_at_3_24_03_AM__jpeg.jpg,ROAD SWEEPING,BIN WASHING,0.53292346,ROAD SWEEPING,0.40700981,BIN LIFTING,0.04280005,False
ROAD SWEEPING/WhatsApp_Image_2026-07-03_at_4_58_47_PM__jpeg.jpg,ROAD SWEEPING,MANUAL BEACH CLEANING,0.99811542,ROAD SWEEPING,0.00171536,LFC,0.00006566,False
ROAD SWEEPING/WhatsApp_Image_2026-07-03_at_6_42_17_AM_1__jpeg.jpg,ROAD SWEEPING,ROAD SWEEPING,0.99953043,LFC,0.00038387,BIN WASHING,0.00004510,True
ROAD SWEEPING/WhatsApp_Image_2026-07-03_at_7_07_12_AM_1__jpeg.jpg,ROAD SWEEPING,ROAD SWEEPING,0.95693380,LFC,0.02417777,GATE MEETING,0.01087618,True
ROAD SWEEPING/WhatsApp_Image_2026-07-03_at_7_55_07_AM_1__jpeg.jpg,ROAD SWEEPING,ROAD SWEEPING,0.98761100,MANUAL BEACH CLEANING,0.00806854,LFC,0.00348503,True
ROAD SWEEPING/WhatsApp_Image_2026-07-03_at_7_55_10_AM_1__jpeg.jpg,ROAD SWEEPING,ROAD SWEEPING,0.94624025,LFC,0.05344898,PRIMARY COLLECTION,0.00017904,True
ROAD SWEEPING/WhatsApp_Image_2026-07-03_at_9_57_48_AM__jpeg.jpg,ROAD SWEEPING,ROAD SWEEPING,0.99190807,LFC,0.00786216,MANUAL BEACH CLEANING,0.00014901,True
ROAD SWEEPING/WhatsApp_Image_2026-07-04_at_12_03_50_PM__jpeg.jpg,ROAD SWEEPING,ROAD SWEEPING,0.99075913,PRIMARY COLLECTION,0.00605261,BIN WASHING,0.00136123,True
ROAD SWEEPING/WhatsApp_Image_2026-07-04_at_12_04_02_PM__jpeg.jpg,ROAD SWEEPING,ROAD SWEEPING,0.93808818,GATE MEETING,0.04854015,LFC,0.01080679,True
ROAD SWEEPING/WhatsApp_Image_2026-07-04_at_7_35_07_AM__jpeg.jpg,ROAD SWEEPING,ROAD SWEEPING,0.99749219,LFC,0.00208382,BIN WASHING,0.00028095,True
ROAD SWEEPING/WhatsApp_Image_2026-07-04_at_8_34_56_AM_2__jpeg.jpg,ROAD SWEEPING,ROAD SWEEPING,0.99935466,LFC,0.00063072,BIN WASHING,0.00000724,True
ROAD SWEEPING/WhatsApp_Image_2026-07-05_at_1_33_13_PM_1__jpeg.jpg,ROAD SWEEPING,ROAD SWEEPING,0.97342336,LFC,0.01661932,MANUAL BEACH CLEANING,0.00694608,True
ROAD SWEEPING/WhatsApp_Image_2026-07-05_at_2_37_05_PM_1__jpeg.jpg,ROAD SWEEPING,ROAD SWEEPING,0.99851471,MANUAL BEACH CLEANING,0.00127989,LFC,0.00019329,True
ROAD SWEEPING/WhatsApp_Image_2026-07-05_at_2_37_05_PM__jpeg.jpg,ROAD SWEEPING,ROAD SWEEPING,0.99963009,MANUAL BEACH CLEANING,0.00033505,LFC,0.00002554,True
ROAD SWEEPING/WhatsApp_Image_2026-07-05_at_2_37_07_PM_1__jpeg.jpg,ROAD SWEEPING,ROAD SWEEPING,0.96223348,MANUAL BEACH CLEANING,0.02748962,LFC,0.00973568,True
ROAD SWEEPING/WhatsApp_Image_2026-07-05_at_2_37_22_PM_2__jpeg.jpg,ROAD SWEEPING,ROAD SWEEPING,0.93195397,LFC,0.06251105,MANUAL BEACH CLEANING,0.00431300,True
ROAD SWEEPING/WhatsApp_Image_2026-07-05_at_2_37_23_PM_2__jpeg.jpg,ROAD SWEEPING,ROAD SWEEPING,0.99803609,LFC,0.00195552,MANUAL BEACH CLEANING,0.00000579,True
ROAD SWEEPING/WhatsApp_Image_2026-07-05_at_2_37_24_PM_1__jpeg.jpg,ROAD SWEEPING,ROAD SWEEPING,0.99943393,LFC,0.00053622,MECHANICAL SWEEPING,0.00001629,True
ROAD SWEEPING/WhatsApp_Image_2026-07-05_at_2_37_25_PM_1__jpeg.jpg,ROAD SWEEPING,ROAD SWEEPING,0.99937314,GATE MEETING,0.00021378,LFC,0.00021191,True
ROAD SWEEPING/WhatsApp_Image_2026-07-05_at_7_42_49_AM__jpeg.jpg,ROAD SWEEPING,ROAD SWEEPING,0.99910837,LFC,0.00088503,MECHANICAL SWEEPING,0.00000251,True
ROAD SWEEPING/WhatsApp_Image_2026-07-05_at_7_42_53_AM__jpeg.jpg,ROAD SWEEPING,ROAD SWEEPING,0.99784207,LFC,0.00155462,BIN WASHING,0.00043383,True
ROAD SWEEPING/WhatsApp_Image_2026-07-06_at_6_33_20_AM__jpeg.jpg,ROAD SWEEPING,ROAD SWEEPING,0.97772276,LFC,0.01674717,BIN LIFTING,0.00365801,True
ROAD SWEEPING/WhatsApp_Image_2026-07-06_at_7_17_41_AM_1__jpeg.jpg,ROAD SWEEPING,ROAD SWEEPING,0.99552178,LFC,0.00385567,BIN WASHING,0.00050996,True
ROAD SWEEPING/WhatsApp_Image_2026-07-06_at_7_17_42_AM_1__jpeg.jpg,ROAD SWEEPING,ROAD SWEEPING,0.99822694,MANUAL BEACH CLEANING,0.00165887,LFC,0.00007469,True
ROAD SWEEPING/WhatsApp_Image_2026-07-06_at_9_24_49_AM_1__jpeg.jpg,ROAD SWEEPING,ROAD SWEEPING,0.98708552,LFC,0.01241234,MECHANIZED BEACH CLEANING,0.00018606,True
ROAD SWEEPING/WhatsApp_Image_2026-07-06_at_9_24_49_AM__jpeg.jpg,ROAD SWEEPING,ROAD SWEEPING,0.58008999,LFC,0.41308701,MANUAL BEACH CLEANING,0.00219577,True
ROAD SWEEPING/WhatsApp_Image_2026-07-06_at_9_24_54_AM_1__jpeg.jpg,ROAD SWEEPING,ROAD SWEEPING,0.99969482,LFC,0.00029310,MECHANIZED BEACH CLEANING,0.00000608,True
ROAD SWEEPING/WhatsApp_Image_2026-07-07_at_11_40_16_PM__jpeg.jpg,ROAD SWEEPING,ROAD SWEEPING,0.87829775,MANUAL BEACH CLEANING,0.11464604,PRIMARY COLLECTION,0.00283816,True
ROAD SWEEPING/WhatsApp_Image_2026-07-07_at_12_59_03_PM_1__jpeg.jpg,ROAD SWEEPING,ROAD SWEEPING,0.86730582,MANUAL BEACH CLEANING,0.12997511,LFC,0.00152236,True
ROAD SWEEPING/WhatsApp_Image_2026-07-07_at_1_42_39_PM__jpeg.jpg,ROAD SWEEPING,ROAD SWEEPING,0.98379922,LFC,0.01513113,PRIMARY COLLECTION,0.00104156,True
ROAD SWEEPING/WhatsApp_Image_2026-07-07_at_1_42_44_PM__jpeg.jpg,ROAD SWEEPING,ROAD SWEEPING,0.81871438,LFC,0.16011514,PRIMARY COLLECTION,0.01106462,True
ROAD SWEEPING/WhatsApp_Image_2026-07-07_at_1_42_45_PM__jpeg.jpg,ROAD SWEEPING,ROAD SWEEPING,0.98908395,LFC,0.01049085,MECHANIZED BEACH CLEANING,0.00035532,True
ROAD SWEEPING/WhatsApp_Image_2026-07-08_at_12_50_43_AM__jpeg.jpg,ROAD SWEEPING,ROAD SWEEPING,0.99828053,PRIMARY COLLECTION,0.00074985,LFC,0.00069646,True
ROAD SWEEPING/WhatsApp_Image_2026-07-09_at_11_21_44_PM_1__jpeg.jpg,ROAD SWEEPING,ROAD SWEEPING,0.99992752,BIN WASHING,0.00002634,LFC,0.00002381,True
ROAD SWEEPING/WhatsApp_Image_2026-07-09_at_11_21_45_PM__jpeg.jpg,ROAD SWEEPING,ROAD SWEEPING,0.99990284,LFC,0.00006170,MANUAL BEACH CLEANING,0.00002175,True
ROAD SWEEPING/WhatsApp_Image_2026-07-09_at_7_14_46_AM_1__jpeg.jpg,ROAD SWEEPING,ROAD SWEEPING,0.94053233,LFC,0.05906352,BIN WASHING,0.00013881,True
ROAD SWEEPING/WhatsApp_Image_2026-07-09_at_7_37_37_AM_1__jpeg.jpg,ROAD SWEEPING,ROAD SWEEPING,0.97915089,LFC,0.02053752,MANUAL BEACH CLEANING,0.00017960,True
ROAD SWEEPING/image165__jpeg.jpg,ROAD SWEEPING,ROAD SWEEPING,0.99658185,LFC,0.00237913,PRIMARY COLLECTION,0.00076001,True
ROAD SWEEPING/image167__jpeg.jpg,ROAD SWEEPING,ROAD SWEEPING,0.99863368,LFC,0.00108691,BIN WASHING,0.00011825,True
ROAD SWEEPING/image171__jpeg.jpg,ROAD SWEEPING,ROAD SWEEPING,0.72130513,MANUAL BEACH CLEANING,0.27306348,LFC,0.00283318,True
ROAD SWEEPING/image177__jpeg.jpg,ROAD SWEEPING,ROAD SWEEPING,0.99879104,LFC,0.00105187,MANUAL BEACH CLEANING,0.00008460,True
ROAD SWEEPING/image187__jpeg.jpg,ROAD SWEEPING,ROAD SWEEPING,0.99867296,MANUAL BEACH CLEANING,0.00080560,LFC,0.00045314,True
ROAD SWEEPING/image188__jpeg.jpg,ROAD SWEEPING,ROAD SWEEPING,0.99198383,LFC,0.00635567,MANUAL BEACH CLEANING,0.00078724,True
ROAD SWEEPING/image189__jpeg.jpg,ROAD SWEEPING,ROAD SWEEPING,0.99893850,MANUAL BEACH CLEANING,0.00054356,BIN WASHING,0.00038745,True
ROAD SWEEPING/image194__jpeg.jpg,ROAD SWEEPING,ROAD SWEEPING,0.99916375,LFC,0.00074505,MANUAL BEACH CLEANING,0.00007515,True
ROAD SWEEPING/image202__jpeg.jpg,ROAD SWEEPING,PRIMARY COLLECTION,0.63030928,ROAD SWEEPING,0.28708366,LFC,0.04800712,False
ROAD SWEEPING/image203__jpeg.jpg,ROAD SWEEPING,ROAD SWEEPING,0.72847611,BIN LIFTING,0.11801852,SECONDARY VEHICLES,0.08573040,True
ROAD SWEEPING/image204__jpeg.jpg,ROAD SWEEPING,ROAD SWEEPING,0.96918619,MANUAL BEACH CLEANING,0.01856123,BIN WASHING,0.00648000,True
ROAD SWEEPING/image211__jpeg.jpg,ROAD SWEEPING,ROAD SWEEPING,0.97597945,BIN WASHING,0.01360734,MANUAL BEACH CLEANING,0.00948624,True
ROAD SWEEPING/image213__jpeg.jpg,ROAD SWEEPING,LFC,0.63219100,ROAD SWEEPING,0.36009538,SECONDARY VEHICLES,0.00525631,False
ROAD SWEEPING/image221__jpeg.jpg,ROAD SWEEPING,ROAD SWEEPING,0.99388736,LFC,0.00329634,BIN WASHING,0.00193690,True
ROAD SWEEPING/image224__jpeg.jpg,ROAD SWEEPING,ROAD SWEEPING,0.99979979,LFC,0.00019628,BIN WASHING,0.00000185,True
ROAD SWEEPING/image231__jpeg.jpg,ROAD SWEEPING,ROAD SWEEPING,0.98519880,LFC,0.01471697,BIN WASHING,0.00004341,True
ROAD SWEEPING/image234__jpeg.jpg,ROAD SWEEPING,ROAD SWEEPING,0.88173097,LFC,0.09127264,BIN WASHING,0.01226674,True
ROAD SWEEPING/image237__jpeg.jpg,ROAD SWEEPING,ROAD SWEEPING,0.99967122,LFC,0.00025424,MANUAL BEACH CLEANING,0.00003783,True
ROAD SWEEPING/image242__jpeg.jpg,ROAD SWEEPING,ROAD SWEEPING,0.87774074,MANUAL BEACH CLEANING,0.11121380,LFC,0.00672007,True
ROAD SWEEPING/image243__jpeg.jpg,ROAD SWEEPING,ROAD SWEEPING,0.99627459,LFC,0.00188879,GATE MEETING,0.00097653,True
ROAD SWEEPING/image244__jpeg.jpg,ROAD SWEEPING,ROAD SWEEPING,0.98234999,LFC,0.00849033,GATE MEETING,0.00461731,True
ROAD SWEEPING/image257__jpeg.jpg,ROAD SWEEPING,ROAD SWEEPING,0.92465192,GATE MEETING,0.06847598,LFC,0.00529995,True
ROAD SWEEPING/image261__jpeg.jpg,ROAD SWEEPING,ROAD SWEEPING,0.94031024,LFC,0.05630463,BIN WASHING,0.00200944,True
ROAD SWEEPING/image270__jpeg.jpg,ROAD SWEEPING,ROAD SWEEPING,0.99991977,LFC,0.00006034,BIN WASHING,0.00000755,True
SECONDARY VEHICLES/WhatsApp_Image_2026-07-01_at_3_28_22_AM__jpeg.jpg,SECONDARY VEHICLES,SECONDARY VEHICLES,0.85171592,ROAD SWEEPING,0.05619179,GATE MEETING,0.05580575,True
SECONDARY VEHICLES/WhatsApp_Image_2026-07-01_at_4_22_43_AM__jpeg.jpg,SECONDARY VEHICLES,SECONDARY VEHICLES,0.86392409,MANUAL BEACH CLEANING,0.09392969,ROAD SWEEPING,0.01603658,True
SECONDARY VEHICLES/WhatsApp_Image_2026-07-01_at_4_33_06_AM_1__jpeg.jpg,SECONDARY VEHICLES,SECONDARY VEHICLES,0.99980730,BIN LIFTING,0.00006945,BIN WASHING,0.00005106,True
SECONDARY VEHICLES/WhatsApp_Image_2026-07-02_at_12_31_08_PM__jpeg.jpg,SECONDARY VEHICLES,SECONDARY VEHICLES,0.99915612,MECHANIZED BEACH CLEANING,0.00035408,PRIMARY COLLECTION,0.00033129,True
SECONDARY VEHICLES/WhatsApp_Image_2026-07-02_at_12_31_09_PM_1__jpeg.jpg,SECONDARY VEHICLES,SECONDARY VEHICLES,0.99762481,MECHANIZED BEACH CLEANING,0.00191905,PRIMARY COLLECTION,0.00022486,True
SECONDARY VEHICLES/WhatsApp_Image_2026-07-02_at_12_31_09_PM__jpeg.jpg,SECONDARY VEHICLES,SECONDARY VEHICLES,0.99971515,MECHANIZED BEACH CLEANING,0.00021968,BIN WASHING,0.00002521,True
SECONDARY VEHICLES/WhatsApp_Image_2026-07-02_at_12_37_11_PM__jpeg.jpg,SECONDARY VEHICLES,SECONDARY VEHICLES,0.99946994,MECHANIZED BEACH CLEANING,0.00041103,GATE MEETING,0.00006107,True
SECONDARY VEHICLES/WhatsApp_Image_2026-07-02_at_1_00_28_PM_1__jpeg.jpg,SECONDARY VEHICLES,MECHANIZED BEACH CLEANING,0.93869936,MANUAL BEACH CLEANING,0.05780118,SECONDARY VEHICLES,0.00299826,False
SECONDARY VEHICLES/WhatsApp_Image_2026-07-02_at_1_03_18_AM__jpeg.jpg,SECONDARY VEHICLES,SECONDARY VEHICLES,0.69443327,BIN LIFTING,0.19158278,BIN WASHING,0.10276464,True
SECONDARY VEHICLES/WhatsApp_Image_2026-07-02_at_5_15_45_PM_1__jpeg.jpg,SECONDARY VEHICLES,SECONDARY VEHICLES,0.99901187,MECHANIZED BEACH CLEANING,0.00084614,BIN LIFTING,0.00005181,True
SECONDARY VEHICLES/WhatsApp_Image_2026-07-03_at_12_13_59_PM_1__jpeg.jpg,SECONDARY VEHICLES,MANUAL BEACH CLEANING,0.66291231,SECONDARY VEHICLES,0.30964553,GATE MEETING,0.01729909,False
SECONDARY VEHICLES/WhatsApp_Image_2026-07-03_at_12_13_59_PM__jpeg.jpg,SECONDARY VEHICLES,MANUAL BEACH CLEANING,0.62107539,MECHANIZED BEACH CLEANING,0.21290210,SECONDARY VEHICLES,0.14159918,False
SECONDARY VEHICLES/WhatsApp_Image_2026-07-03_at_1_22_17_AM__jpeg.jpg,SECONDARY VEHICLES,SECONDARY VEHICLES,0.99673080,BIN WASHING,0.00274027,ROAD SWEEPING,0.00043292,True
SECONDARY VEHICLES/WhatsApp_Image_2026-07-03_at_1_22_19_AM_1__jpeg.jpg,SECONDARY VEHICLES,SECONDARY VEHICLES,0.98833048,ROAD SWEEPING,0.00807484,BIN WASHING,0.00144643,True
SECONDARY VEHICLES/WhatsApp_Image_2026-07-03_at_1_28_25_PM_2__jpeg.jpg,SECONDARY VEHICLES,SECONDARY VEHICLES,0.99541384,MECHANIZED BEACH CLEANING,0.00335406,MANUAL BEACH CLEANING,0.00101189,True
SECONDARY VEHICLES/WhatsApp_Image_2026-07-03_at_7_50_46_PM_1__jpeg.jpg,SECONDARY VEHICLES,GATE MEETING,0.93697953,SECONDARY VEHICLES,0.05435004,PRIMARY COLLECTION,0.00447651,False
SECONDARY VEHICLES/WhatsApp_Image_2026-07-04_at_1_00_26_PM__jpeg.jpg,SECONDARY VEHICLES,SECONDARY VEHICLES,0.99392998,MECHANIZED BEACH CLEANING,0.00526608,BIN LIFTING,0.00052027,True
SECONDARY VEHICLES/WhatsApp_Image_2026-07-04_at_5_07_52_PM_1__jpeg.jpg,SECONDARY VEHICLES,SECONDARY VEHICLES,0.99870133,BIN LIFTING,0.00106742,MECHANIZED BEACH CLEANING,0.00019732,True
SECONDARY VEHICLES/WhatsApp_Image_2026-07-04_at_7_00_40_PM_1__jpeg.jpg,SECONDARY VEHICLES,SECONDARY VEHICLES,0.99981755,BIN LIFTING,0.00014176,MECHANIZED BEACH CLEANING,0.00003361,True
SECONDARY VEHICLES/WhatsApp_Image_2026-07-05_at_7_34_50_PM_1__jpeg.jpg,SECONDARY VEHICLES,SECONDARY VEHICLES,0.96514559,BIN LIFTING,0.02159983,MECHANIZED BEACH CLEANING,0.00628917,True
SECONDARY VEHICLES/WhatsApp_Image_2026-07-05_at_8_24_13_AM__jpeg.jpg,SECONDARY VEHICLES,SECONDARY VEHICLES,0.99970275,MECHANIZED BEACH CLEANING,0.00028000,MANUAL BEACH CLEANING,0.00000620,True
SECONDARY VEHICLES/WhatsApp_Image_2026-07-05_at_8_24_14_AM__jpeg.jpg,SECONDARY VEHICLES,SECONDARY VEHICLES,0.90464449,MECHANIZED BEACH CLEANING,0.03700956,MANUAL BEACH CLEANING,0.03341426,True
SECONDARY VEHICLES/WhatsApp_Image_2026-07-06_at_12_00_00_AM__jpeg.jpg,SECONDARY VEHICLES,SECONDARY VEHICLES,0.98985648,MECHANIZED BEACH CLEANING,0.00567567,BIN WASHING,0.00153733,True
SECONDARY VEHICLES/WhatsApp_Image_2026-07-07_at_8_51_40_AM__jpeg.jpg,SECONDARY VEHICLES,SECONDARY VEHICLES,0.99988532,MECHANIZED BEACH CLEANING,0.00006513,BIN WASHING,0.00001498,True
SECONDARY VEHICLES/WhatsApp_Image_2026-07-07_at_8_51_41_AM_1__jpeg.jpg,SECONDARY VEHICLES,SECONDARY VEHICLES,0.99992728,MECHANIZED BEACH CLEANING,0.00003271,MANUAL BEACH CLEANING,0.00001279,True
SECONDARY VEHICLES/WhatsApp_Image_2026-07-08_at_11_11_18_AM_1__jpeg.jpg,SECONDARY VEHICLES,SECONDARY VEHICLES,0.99564940,MECHANIZED BEACH CLEANING,0.00379225,MANUAL BEACH CLEANING,0.00048257,True
SECONDARY VEHICLES/WhatsApp_Image_2026-07-09_at_11_55_25_PM__jpeg.jpg,SECONDARY VEHICLES,SECONDARY VEHICLES,0.99918789,BIN LIFTING,0.00046880,MECHANIZED BEACH CLEANING,0.00010762,True
SECONDARY VEHICLES/image674__jpeg.jpg,SECONDARY VEHICLES,SECONDARY VEHICLES,0.99957985,BIN WASHING,0.00017279,MECHANIZED BEACH CLEANING,0.00010807,True
SECONDARY VEHICLES/image675__jpeg.jpg,SECONDARY VEHICLES,SECONDARY VEHICLES,0.92832857,MECHANIZED BEACH CLEANING,0.07153966,MANUAL BEACH CLEANING,0.00005567,True
SECONDARY VEHICLES/image679__jpeg.jpg,SECONDARY VEHICLES,SECONDARY VEHICLES,0.99945396,BIN LIFTING,0.00040231,MECHANIZED BEACH CLEANING,0.00006586,True
SECONDARY VEHICLES/image681__jpeg.jpg,SECONDARY VEHICLES,SECONDARY VEHICLES,0.99975330,MECHANIZED BEACH CLEANING,0.00018441,LFC,0.00001969,True
SECONDARY VEHICLES/image689__jpeg.jpg,SECONDARY VEHICLES,SECONDARY VEHICLES,0.97533995,MANUAL BEACH CLEANING,0.01336996,MECHANIZED BEACH CLEANING,0.00997097,True
SECONDARY VEHICLES/image693__jpeg.jpg,SECONDARY VEHICLES,SECONDARY VEHICLES,0.99601501,MECHANIZED BEACH CLEANING,0.00360132,BIN WASHING,0.00014897,True
SECONDARY VEHICLES/image695__jpeg.jpg,SECONDARY VEHICLES,PRIMARY COLLECTION,0.85988796,SECONDARY VEHICLES,0.05566067,ROAD SWEEPING,0.04237650,False
SECONDARY VEHICLES/image697__jpeg.jpg,SECONDARY VEHICLES,SECONDARY VEHICLES,0.99958843,BIN LIFTING,0.00022781,MECHANIZED BEACH CLEANING,0.00012259,True
SECONDARY VEHICLES/image703__jpeg.jpg,SECONDARY VEHICLES,SECONDARY VEHICLES,0.97988027,BIN LIFTING,0.01002338,MECHANIZED BEACH CLEANING,0.00441014,True
SECONDARY VEHICLES/image708__jpeg.jpg,SECONDARY VEHICLES,SECONDARY VEHICLES,0.90868950,BIN LIFTING,0.06236950,ROAD SWEEPING,0.01543938,True
SECONDARY VEHICLES/image711__jpeg.jpg,SECONDARY VEHICLES,BIN WASHING,0.97165132,SECONDARY VEHICLES,0.01875732,ROAD SWEEPING,0.00387587,False
SECONDARY VEHICLES/image712__jpeg.jpg,SECONDARY VEHICLES,SECONDARY VEHICLES,0.99972600,MECHANIZED BEACH CLEANING,0.00020793,MANUAL BEACH CLEANING,0.00003898,True
SECONDARY VEHICLES/image713__jpeg.jpg,SECONDARY VEHICLES,SECONDARY VEHICLES,0.99041909,MECHANIZED BEACH CLEANING,0.00460787,BIN LIFTING,0.00254771,True
SECONDARY VEHICLES/image719__jpeg.jpg,SECONDARY VEHICLES,BIN WASHING,0.98503876,BIN LIFTING,0.01111493,SECONDARY VEHICLES,0.00206702,False
SECONDARY VEHICLES/image721__jpeg.jpg,SECONDARY VEHICLES,SECONDARY VEHICLES,0.72855568,BIN WASHING,0.12519746,PRIMARY COLLECTION,0.11392220,True
SECONDARY VEHICLES/image730__jpeg.jpg,SECONDARY VEHICLES,SECONDARY VEHICLES,0.88030422,MANUAL BEACH CLEANING,0.11843110,MECHANIZED BEACH CLEANING,0.00107109,True
SECONDARY VEHICLES/image731__jpeg.jpg,SECONDARY VEHICLES,SECONDARY VEHICLES,0.95830446,BIN LIFTING,0.02627279,BIN WASHING,0.01467813,True
